日期,项目方,Chain,项目类型,损失金额($),漏洞类型,attack tx,Analyse,Reference Link
2023.2.2,Orion Protoco,ETH BSC,liquidity aggregator,3m,Reentrancy,https://app.blocksec.com/explorer/tx/eth/0xa6f63fcb6bec8818864d96a5b1bb19e8bd85ee37b2cc916412e720988440b2aa|https://app.blocksec.com/explorer/tx/bsc/0xfb153c572e304093023b4f9694ef39135b6ed5b2515453173e81ec02df2e2104,,
2023.1.3,GDS Token,BSC,,180k,Business Logic Flaw,https://app.blocksec.com/explorer/tx/bsc/0x2bb704e0d158594f7373ec6e53dc9da6c6639f269207da8dab883fc3b5bf6694,,
2023.1.15,Midas Capital,Polygon,,650k,Flawed Price Dependency,https://app.blocksec.com/explorer/tx/polygon/0x0053490215baf541362fc78be0de98e3147f40223238d5b12512b3e26c0a2c2f,,
2023.2.1,BonqDAO,Polygon Polygon Polygon,,120m,Flawed Price Dependency,https://app.blocksec.com/explorer/tx/polygon/0xa02d0c3d16d6ee0e0b6a42c3cc91997c2b40c87d777136dedebe8ee0f47f32b1|https://app.blocksec.com/explorer/tx/polygon/0x31957ecc43774d19f54d9968e95c69c882468b46860f921668f2c55fadd51b19|https://app.blocksec.com/explorer/tx/polygon/0xd276b1ddff1bea52a8839c37976f4accb4751ca3f70092e66f88e53090452898,,
2023.2.9,dForce,Optimism Arbitrum,,3.6m,Flawed Price Dependency,https://app.blocksec.com/explorer/tx/optimism/0x6c19762186c9f32c81eb2a79420fc7ad4485aa916cab37ec278b216757bfba0d|https://app.blocksec.com/explorer/tx/arbitrum/0x5db5c2400ab56db697b3cc9aa02a05deab658e1438ce2f8692ca009cc45171dd,,
2023.2.16,Platypus,Avalanche,,8.5m,Avalanche,https://app.blocksec.com/explorer/tx/avalanche/0x1266a937c2ccd970e5d7929021eed3ec593a95c68a99b4920c2efa226679b430,,
2023.2.17,Dexible,ETH,,1.5m,Arbitrary Call,https://app.blocksec.com/explorer/tx/eth/0x138daa4cbeaa3db42eefcec26e234fc2c89a4aa17d6b1870fc460b2856fd11a6,,
2023.2.24,EFVault,ETH,,5.1m,Storage Collision,https://app.blocksec.com/explorer/tx/eth/0x1fe5a53405d00ce2f3e15b214c7486c69cbc5bf165cf9596e86f797f62e81914,,
2023.2.27,swapX,BSC,,1m,Access Control Issue,https://app.blocksec.com/explorer/tx/bsc/0x3ee23c1585474eaa4f976313cafbc09461abb781d263547c8397788c68a00160,,
2023.3.13,Euler Finance,ETH ETH ETH ETH ETH ETH,,200m,Business Logic Flaw,https://app.blocksec.com/explorer/tx/eth/0x3097830e9921e4063d334acb82f6a79374f76f0b1a8f857e89b89bc58df1f311|https://app.blocksec.com/explorer/tx/eth/0x465a6780145f1efe3ab52f94c006065575712d2003d83d85481f3d110ed131d9|https://app.blocksec.com/explorer/tx/eth/0x62bd3d31a7b75c098ccf28bc4d4af8c4a191b4b9e451fab4232258079e8b18c4|https://app.blocksec.com/explorer/tx/eth/0x71a908be0bef6174bccc3d493becdfd28395d78898e355d451cb52f7bac38617|https://app.blocksec.com/explorer/tx/eth/0x47ac3527d02e6b9631c77fad1cdee7bfa77a8a7bfd4880dccbda5146ace4088f|https://app.blocksec.com/explorer/tx/eth/0xc310a0affe2169d1f6feec1c63dbc7f7c62a887fa48795d327d4d2da2d6b111d,,
2023.3.17,ParaSpace,ETH,,7m,Flawed Price Dependency,https://app.blocksec.com/explorer/tx/eth/0xe3f0d14cfb6076cabdc9057001c3fafe28767a192e88005bc37bd7d385a1116a,,
2023.3.28,SafeMoon,BSC,,8.9m,Access Control Issue,https://app.blocksec.com/explorer/tx/bsc/0x48e52a12cb297354a2a1c54cbc897cf3772328e7e71f51c9889bb8c5e533a934,,
2023.4.1,Allbridge,BSC,,550k,Flawed Price Dependency,https://app.blocksec.com/explorer/tx/bsc/0x7ff1364c3b3b296b411965339ed956da5d17058f3164425ce800d64f1aef8210,,
2023.4.2,Low-Carb-Crusader,ETH ETH ETH ETH ETH ETH ETH ETH,,25m,Business Logic Flaw,https://app.blocksec.com/explorer/tx/eth/0xef7f6864a93f8d10dd8fafbe75b041db8c282159fe43632c26a29f176894678e|https://app.blocksec.com/explorer/tx/eth/0x8222caee8d1e1188f7a99af8315486a828aaf3432b6528a8e45b9f1bb73653e3|https://app.blocksec.com/explorer/tx/eth/0x787980ae064cba2430213ffe14bff6fd71193983055725dcf185341bab68811e|https://app.blocksec.com/explorer/tx/eth/0x454c858e7f7b11706335225c72b1eaee13a215e8657a4ae699669d6f1cd18550|https://app.blocksec.com/explorer/tx/eth/0x2bb955b94aa5e2cc0854e23b58268d89aab93e17cb8b11c61996d875f1cc64f9|https://app.blocksec.com/explorer/tx/eth/0x6957ccca95ad6a7f2d698a2362f4881591ff18f18cbc5edb149ce490521639a6|https://app.blocksec.com/explorer/tx/eth/0xa34d79cbe9aef1bf07692885b353d85912523dfc4662611d33dd09ff6c319c85|https://app.blocksec.com/explorer/tx/eth/0x4b2a2d03b3dc136ef94ebe2f3bc36231b104172bcb598104730898f7d81a55db,,
2023.4.4,Sentiment,Arbitrum,,1m,Flawed Price Dependency,https://app.blocksec.com/explorer/tx/arbitrum/0xa9ff2b587e2741575daf893864710a5cbb44bb64ccdc487a100fa20741e0f74d,,
2023.4.9,SushiSwap,ETH ETH ETH ETH ETH ETH ETH ETH ETH ETH,,3.3m,Untrusted Input,https://app.blocksec.com/explorer/tx/eth/0x11d069cbe4490cc483b1ae2e77c9c79493213347b42a8dec2ded25724e2f1835|https://app.blocksec.com/explorer/tx/eth/0x04b166e7b4ab5105a8e9c85f08f6346de1c66368687215b0e0b58d6e5002bc32|https://app.blocksec.com/explorer/tx/eth/0x40be81f859227aa952e70fe1f5e8c84feed6aa3c2a4d6bf38125cd6bc222560a|https://app.blocksec.com/explorer/tx/eth/0xbb9aac794415b2fbe2c947fe37ebb29c75526c150d33dd408ccddbcb52534828|https://app.blocksec.com/explorer/tx/eth/0x6ac2d60c8f48144f2adb10ab161efdd491a791c6a666c450d4b33c6889fc0925|https://app.blocksec.com/explorer/tx/eth/0xea3480f1f1d1f0b32283f8f282ce16403fe22ede35c0b71a732193e56c5c45e8|https://app.blocksec.com/explorer/tx/eth/0x8e28bc58897f35e71b727f3066ae57b4d597014db6778bbf70838347c112e0e1|https://app.blocksec.com/explorer/tx/eth/0x542838429f32b49d71264cc1036bb7cfd66824613ba0c437f7ce4269edb58f74|https://app.blocksec.com/explorer/tx/eth/0x3610d3e3f2381c73f4bd128df9be90de87482802f30712dd555619b8bf3462a4|https://app.blocksec.com/explorer/tx/eth/0x43ff7e01423044cfb501b4fe9ef1386725c0ddc117dadd6e6620cb68bdeaf4f9,,
2023.4.11,Paribus,Arbitrum,,100k,Reentrancy,https://app.blocksec.com/explorer/tx/arbitrum/0x0e29dcf4e9b211a811caf00fc8294024867bffe4ab2819cc1625d2e9d62390af,,
2023.4.11,MetaPoint,BSC,,820k,Access Control Issue,https://app.blocksec.com/explorer/tx/bsc/0xccd12f22629b2c42d2b680362dadbd1b3d89cb4a87a8c9b297766b4974c6ad34,,
2023.4.13,yearnFinance,ETH ETH,,11m,Misconfiguration,https://app.blocksec.com/explorer/tx/eth/0x8db0ef33024c47200d47d8e97b0fcfc4b51de1820dfb4e911f0e3fb0a4053138|https://app.blocksec.com/explorer/tx/eth/0xd55e43c1602b28d4fd4667ee445d570c8f298f5401cf04e62ec329759ecda95d,,
2023.4.15,Hundred Finance,Optimism,,7m,Precision Loss,https://app.blocksec.com/explorer/tx/optimism/0x6e9ebcdebbabda04fa9f2e3bc21ea8b2e4fb4bf4f4670cb8483e2f0b2604f451,,
2023.4.28,0vix Protocol,Polygon,,550k,Flawed Price Dependency,https://app.blocksec.com/explorer/tx/polygon/0x10f2c28f5d6cd8d7b56210b4d5e0cece27e45a30808cd3d3443c05d4275bb008,,
2023.5.1,Level Finance,BSC,,1m,Business Logic Flaw,https://app.blocksec.com/explorer/tx/bsc/0xe1f257041872c075cbe6a1212827bc346df3def6d01a07914e4006ec43027165,,
2023.5.5,DEI,Arbitrum,,4.5m,Business Logic Flaw,https://app.blocksec.com/explorer/tx/arbitrum/0xb1141785b7b94eb37c39c37f0272744c6e79ca1517529fec3f4af59d4c3c37ef,,
2023.5.10,SNK,BSC,,197k,Reward Calculation Error,https://app.blocksec.com/explorer/tx/bsc/0x7394f2520ff4e913321dd78f67dd84483e396eb7a25cbb02e06fe875fc47013a,,
2023.5.13,SellToken,BSC,,197k,Flawed Price Dependency,https://app.blocksec.com/explorer/tx/bsc/0x7d04e953dad4c880ad72b655a9f56bc5638bf4908213ee9e74360e56fa8d7c6a,,
2023.5.23,CS Token,BSC,,714k,Business Logic Flaw,https://app.blocksec.com/explorer/tx/bsc/0x906394b2ee093720955a7d55bff1666f6cf6239e46bea8af99d6352b9687baa4,,
2023.5.24,GPT Token,BSC,,155k,Fee Machenism Exploitation,https://app.blocksec.com/explorer/tx/bsc/0xb77cb34cd01204bdad930d8c172af12462eef58dea16199185b77147d6533391,,
2023.5.28,Jimbos Protocol,Arbitrum Arbitrum Arbitrum Arbitrum,,8m,Flawed Price Dependency,https://app.blocksec.com/explorer/tx/arbitrum/0x44a0f5650a038ab522087c02f734b80e6c748afb207995e757ed67ca037a5eda|https://app.blocksec.com/explorer/tx/arbitrum/0x3c6e053faecd331883641c1d23c9d9d37d065e4f9c4086e94a3c34bf8702618a|https://app.blocksec.com/explorer/tx/arbitrum/0xfda5464e97043a2d0093cbed6d0a64f6a86049f5e9608c014396a7390188670e|https://app.blocksec.com/explorer/tx/arbitrum/0xf9baf8cee8973cf9700ae1b1f41c625d7a2abdbcbc222582d24a8f2f790d0b5a,,
2023.5.28,BabyDogeCoin,BSC,,135k,Lack Slippage Protection,https://app.blocksec.com/explorer/tx/bsc/0x098e7394a1733320e0887f0de22b18f5c71ee18d48a0f6d30c76890fb5c85375,,
2023.5.31,ERC20TokenBank,ETH,,111k,Flawed Price Dependency,https://app.blocksec.com/explorer/tx/eth/0x578a195e05f04b19fd8af6358dc6407aa1add87c3167f053beb990d6b4735f26,,
2023.6.12,Sturdy,ETH,,800k,Flawed Price Dependency,https://app.blocksec.com/explorer/tx/eth/0xeb87ebc0a18aca7d2a9ffcabf61aa69c9e8d3c6efade9e2303f8857717fb9eb7,,
2023.6.17,Pawnfi,ETH,,820k,Untrusted Input,https://app.blocksec.com/explorer/tx/eth/0xe855cc3bad87933bf742fd474bd0ae0ec58d45e9c1a0643b9700dafe8faf0864,,
2023.6.17,MidasCapitalXYZ,BSC,,600k,Precision Loss,https://app.blocksec.com/explorer/tx/bsc/0x4a304ff08851106691f626045b0f55d403e3a0958363bdf82b96e8ce7209c3a6,,
2023.6.23,Shido,BSC,,326k,Business Logic Flaw,https://app.blocksec.com/explorer/tx/bsc/0x72f8dd2bcfe2c9fbf0d933678170417802ac8a0d8995ff9a56bfbabe3aa712d6,,
2023.7.8,CIVNFT,ETH,,180k,Access Control Issue,https://app.blocksec.com/explorer/tx/eth/0x93a033917fcdbd5fe8ae24e9fe22f002949cba2f621a1c43a54f6519479caceb,,
2023.7.10,Arcadia Finance,ETH Optimism,,400k,Reentrancy,https://app.blocksec.com/explorer/tx/eth/0xefc4ac015069fdf9946997be0459db44c0491221159220be782454c32ec2d651|https://app.blocksec.com/explorer/tx/optimism/0xca7c1a0fde444e1a68a8c2b8ae3fb76ec384d1f7ae9a50d26f8bfdd37c7a0afe,,
2023.7.11,Libertify,ETH Polygon,,452k,Reentrancy,https://app.blocksec.com/explorer/tx/eth/0xcb0ad9da33ecabf75df0a24aabf8a4517e4a7c5b1b2f11fee3b6a1ad9299a282|https://app.blocksec.com/explorer/tx/polygon/0x7320accea0ef1d7abca8100c82223533b624c82d3e8d445954731495d4388483,,
2023.7.11,Rodeo Finance,Arbitrum,,888k,Flawed Price Dependency,https://app.blocksec.com/explorer/tx/arbitrum/0xb1be5dee3852c818af742f5dd44def285b497ffc5c2eda0d893af542a09fb25a,,
2023.7.20,FFIST Token,BSC,,110k,Business Logic Flaw,https://app.blocksec.com/explorer/tx/bsc/0x199c4b88cab6b4b495b9d91af98e746811dd8f82f43117c48205e6332db9f0e0,,
2023.7.21,Conic Finance,ETH,,3.3m,Flawed Price Dependency,https://app.blocksec.com/explorer/tx/eth/0x8b74995d1d61d3d7547575649136b8765acb22882960f0636941c44ec7bbe146,,
2023.7.24,Palmswap,BSC,,900k,Flawed Price Dependency,https://app.blocksec.com/explorer/tx/bsc/0x62dba55054fa628845fecded658ff5b1ec1c5823f1a5e0118601aa455a30eac9,,
2023.7.26,Carson Token,BSC BSC BSC BSC,,150k,Flawed Price Dependency,https://app.blocksec.com/explorer/tx/bsc/0xcd781fec34b46f8c7372a9fcc7604c210b40442dc4f1a5c274fc3f9283df39ce|https://app.blocksec.com/explorer/tx/bsc/0xed52a42b2f45e4dea8d07f70d645931e4f6da65e9ab281cd3dbb9d9d21febb45|https://app.blocksec.com/explorer/tx/bsc/0x6a94a644856c3aa1db8249b700956379b6b3a18de9b8811566fbd56c89240a01|https://app.blocksec.com/explorer/tx/bsc/0x37d921a6bb0ecdd8f1ec918d795f9c354727a3ff6b0dba98a512fceb9662a3ac,,
2023.7.30,Curve,ETH ETH ETH ETH ETH ETH ETH,,60m,Reentrancy,https://app.blocksec.com/explorer/tx/eth/0x006763dff653ecddfd3681181a29e7e6d6c2aaa7bafb27fe1376f3f7ce367c1e|https://app.blocksec.com/explorer/tx/eth/0xe928d5de53bea42231d0dd140a3f761adb93081038a368591eb1166168297bdc|https://app.blocksec.com/explorer/tx/eth/0xcd99fadd7e28a42a063e07d9d86f67c88e10a7afe5921bd28cd1124924ae2052|https://app.blocksec.com/explorer/tx/eth/0x2e7dc8b2fb7e25fd00ed9565dcc0ad4546363171d5e00f196d48103983ae477c|https://app.blocksec.com/explorer/tx/eth/0xb676d789bb8b66a08105c844a49c2bcffb400e5c1cfabd4bc30cca4bff3c9801|https://app.blocksec.com/explorer/tx/eth/0xc93eb238ff42632525e990119d3edc7775299a70b56e54d83ec4f53736400964|https://app.blocksec.com/explorer/tx/eth/0xa84aa065ce61dbb1eb50ab6ae67fc31a9da50dd2c74eefd561661bfce2f1620c,,
2023.8.1,LeetSwap,Base,,630k,Access Control Issue,https://app.blocksec.com/explorer/tx/base/0xf0c2ed12a446713d6e38e7a4f0e05d45360ee9305b7d6e0b796fc44f848f6052,,
2023.8.3,MEV Bot 0xd61492,Arbitrum,,800k,Unverified User Input,https://app.blocksec.com/explorer/tx/arbitrum/0x864c8cfb8c54d3439613e6bd0d81a5ea2c5d0ad25c9af11afd190e5ea4dcfc1f,,
2023.8.9,Earning.Farm,ETH,,286k,Reentrancy,https://app.blocksec.com/explorer/tx/eth/0x6e6e556a5685980317cb2afdb628ed4a845b3cbd1c98bdaffd0561cb2c4790fa,,
2023.8.13,Zunami Protocol,ETH,,2m,Flawed Price Dependency,https://app.blocksec.com/explorer/tx/eth/0x0788ba222970c7c68a738b0e08fb197e669e61f9b226ceec4cab9b85abe8cceb,,
2023.8.18,Exactly Protocol,Optimism Optimism Optimism,,7m,Untrusted Input,https://app.blocksec.com/explorer/tx/optimism/0xe8999fb57684856d637504f1f0082b69a3f7b34dd4e7597bea376c9466813585|https://app.blocksec.com/explorer/tx/optimism/0x1526acfb7062090bd5fed1b3821d1691c87f6c4fb294f56b5b921f0edf0cfad6|https://app.blocksec.com/explorer/tx/optimism/0x3d6367de5c191204b44b8a5cf975f257472087a9aadc59b5d744ffdef33a520e,,
2023.8.26,SVT,BSC,,400k,Flawed Price Calculation,https://app.blocksec.com/explorer/tx/bsc/0xf2a0c957fef493af44f55b201fbc6d82db2e4a045c5c856bfe3d8cb80fa30c12,,
2023.8.27,Balancer,ETH,,2m,Precision Loss,https://app.blocksec.com/explorer/tx/eth/0x2a027c8b915c3737942f512fc5d26fd15752d0332353b3059de771a35a606c2d,,
2023.9.23,Stars Arena,Avalanche,,3m,Reentrancy,https://app.blocksec.com/explorer/tx/avalanche/0x49c5b3b414bf874689de9a5b98c55445659c2fd2ad6f8a3cdd4e0203937c395e,,
2023.10.11,BH Token,BSC,,1.3m,Business Logic Flaw,https://app.blocksec.com/explorer/tx/bsc/0xc11e4020c0830bcf84bfa197696d7bfad9ff503166337cb92ea3fade04007662,,
2023.10.12,Platypus,Avalanche,,2m,Business Logic Flaw,https://app.blocksec.com/explorer/tx/avalanche/0xab5f6242fb073af1bb3cd6e891bc93d247e748a69e599a3744ff070447acb20f,,
2023.10.13,WiseLending.com,ETH,,260k,Precision Loss,https://app.blocksec.com/explorer/tx/eth/0x7ac4a98599596adbf12fffa2bd23e2a2d2ac7e8989b6ea043fcc412a29126555,,
2023.10.18,Hope.money,ETH,,825k,Precision Loss,https://app.blocksec.com/explorer/tx/eth/0x1a7ee0a7efc70ed7429edef069a1dd001fbff378748d91f17ab1876dc6d10392,,
2023.10.24,Maestro,ETH,,668k,Arbitrary Calls,https://app.blocksec.com/explorer/tx/eth/0xc087fbd68b9349b71838982e789e204454bfd00eebf9c8e101574376eb990d92,,
2023.10.28,Astrid Finance,ETH,,300k,Business Logic Flaw,https://app.blocksec.com/explorer/tx/eth/0x8af9b5fb3e2e3df8659ffb2e0f0c1f4c90d5a80f4f6fccef143b823ce673fb60,,
2023.11.1,OnyxProtocol,ETH,,2m,Precision Loss,https://app.blocksec.com/explorer/tx/eth/0xf7c21600452939a81b599017ee24ee0dfd92aaaccd0a55d02819a7658a6ef635,,
2023.11.6,TheStandard.io,Arbitrum,,290k,Lack of Slippage Protection,https://app.blocksec.com/explorer/tx/arbitrum/0x51293c1155a1d33d8fc9389721362044c3a67e0ac732b3a6ec7661d47b03df9f,,
2023.11.7,MEV Bot 0x05f016,ETH,,2m,Access Control Issue,https://app.blocksec.com/explorer/tx/eth/0xbc08860cd0a08289c41033bdc84b2bb2b0c54a51ceae59620ed9904384287a38,,
2023.11.10,Raft,ETH,,3.2m,Precision Loss,https://app.blocksec.com/explorer/tx/eth/0xfeedbf51b4e2338e38171f6e19501327294ab1907ab44cfd2d7e7336c975ace7,,
2023.11.12,MEV Bot 0xa24734,ETH ETH ETH ETH,,150k,Access Control Issue,https://app.blocksec.com/explorer/tx/eth/0xdfbfb0387129541c65934e71deee404ea70de6629258ae49d9f24bcf6e866ea6|https://app.blocksec.com/explorer/tx/eth/0xb56e984a866afed36ccf28c2a659845f5529d7de3f609d67c16c20e337c106fc|https://app.blocksec.com/explorer/tx/eth/0x573199feba92ab6577847f2baa634ec84845d96474af31ca81a6b82ab3a4178f|https://app.blocksec.com/explorer/tx/eth/0x53eeab4447db331dbb47f93fd58a95d6faa230d559acde0687f8b5f5829e7a45,,
2023.11.12,MEV Bot 0x8c2d4e,BSC,,365k,Access Control Issue,https://app.blocksec.com/explorer/tx/bsc/0x3dcb26a1f49eb4d02ca29960b4833bfb2e83d7b5d9591aed1204168944c8c9b3,,
2023.11.22,KyberSwap,Optimism Optimism Polygon Polygon ETH ETH Arbitrum Avalanch Avalanch Arbitrum Polygon Arbitrum Optimism Optimism Arbitrum ETH Base,,46m,Precision Loss,https://app.blocksec.com/explorer/tx/optimism/0xef2c710b4dab33844b6affb1b05bdb943a1f89d4c22fdd6ddd5b07ea12d92360|https://app.blocksec.com/explorer/tx/optimism/0xef2c710b4dab33844b6affb1b05bdb943a1f89d4c22fdd6ddd5b07ea12d92360|https://app.blocksec.com/explorer/tx/polygon/0x34e5c79d5c11426286313db5069b8ecd07f5e32ac5afa4b08cbe181d33627ad7|https://app.blocksec.com/explorer/tx/polygon/0xb58c81460ef0167f492fb4900e9da60cc6fa1117bd5b67b2100bb5b5e5df8b0c|https://app.blocksec.com/explorer/tx/eth/0x396a83df7361519416a6dc960d394e689dd0f158095cbc6a6c387640716f5475|https://app.blocksec.com/explorer/tx/eth/0x09a3a12d58b0bb80e33e3fb8e282728551dc430c65d1e520fe0009ec519d75e8|https://app.blocksec.com/explorer/tx/arbitrum/0x0106c7549ac4e0de16aefce2b8fe339127ee8003b236f623d05edc41429de779|https://app.blocksec.com/explorer/tx/avalanche/0x96d90b23678b34e9ff324bdef7a18bf190289afff848a26882a1fe3110bf9714|https://app.blocksec.com/explorer/tx/avalanche/0x547aea57ae199779afe1f04473cd9a33aba6330df2c80e4d9d033ad3fb4f6e8d|https://app.blocksec.com/explorer/tx/arbitrum/0x567f0ba7741d097b6b1aaba68e8b75b9930f3cf946681cf9ad068aa34eb11c5b|https://app.blocksec.com/explorer/tx/polygon/0x94d9d5e0e57d2c0df400a8e3ad417678ef69f0272a5fcfe0d9ce788063c992bd|https://app.blocksec.com/explorer/tx/arbitrum/0x339a65bb935f69e584ea979aa39282414371767576d4f1186a047768ef0a57c5|https://app.blocksec.com/explorer/tx/optimism/0x7f325cf1201422cf7ab6dd06d66136c55b399144f21b70f09a0c799782c5c874|https://app.blocksec.com/explorer/tx/optimism/0xdaa80d75d872bf2513c09c76d81db54d9ddcfd06d4230e65e3bf8d87d2758db2|https://app.blocksec.com/explorer/tx/arbitrum/0xcea8599b8b82d5c17739fda9fe69a3e19a1613405929b3e191118681b702fc6a|https://app.blocksec.com/explorer/tx/eth/0x485e08dc2b6a4b3aeadcb89c3d18a37666dc7d9424961a2091d6b3696792f0f3|https://app.blocksec.com/explorer/tx/base/0x0a2957e7a2b45db525143d419137de854a741e7d2f61468b1dc3f83c9c27f9f7,,
2023.12.5,BEARNDAO,BSC,,769k,Lack of Slippage Protection,https://app.blocksec.com/explorer/tx/bsc/0x51913be3f31d5ddbfc77da789e5f9653ed6b219a52772309802226445a1edd5f,,
2023.12.6,Elephant Money,BSC BSC,,165k,Flawed Price Dependency,https://app.blocksec.com/explorer/tx/bsc/0x7ccb189c78376bdc35294f1779e7156233bcbc65f8681b3d6a7f512c1c2d5218|https://app.blocksec.com/explorer/tx/bsc/0xd423ae0e95e9d6c8a89dcfed243573867e4aad29ee99a9055728cbbe0a523439,,
2023.12.13,Hypr Network,ETH,,200k,Business Logic Flaw,https://app.blocksec.com/explorer/tx/eth/0x51ce3d9cfc85c1f6a532b908bb2debb16c7569eb8b76effe614016aac6635f65,,
2023.12.16,NFT Trader,ETH,,3m,Reentrancy,https://app.blocksec.com/explorer/tx/eth/0xec7523660f8b66d9e4a5931d97ad8b30acc679c973b20038ba4c15d4336b393d,,
2023.12.17,Floor Protocol,ETH,,1.6m,Business Logic Flaw,https://app.blocksec.com/explorer/tx/eth/0x4d8d7e6f2bdc49e724b8d2a0241cf31d0911a230fa17230c7f025cead1842e93,,
2023.12.20,Transit Finance,BSC,,110k,Untrusted Input,https://app.blocksec.com/explorer/tx/bsc/0x93ae5f0a121d5e1aadae052c36bc5ecf2d406d35222f4c6a5d63fef1d6de1081,,
2024.1.2,Radiant Capital,Arbitrum Arbitrum Arbitrum,,4.5m,Accounting Error,https://app.blocksec.com/explorer/tx/arbitrum/0xc5c4bbddec70edb58efba60c1f27bce6515a45ffcab4236026a5eeb3e877fc6d|https://app.blocksec.com/explorer/tx/arbitrum/0x2af556386c023f7ebe7c662fd5d1c6cc5ed7fba4723cbd75e00faaa98cd14243|https://app.blocksec.com/explorer/tx/arbitrum/0x1ce7e9a9e3b6dd3293c9067221ac3260858ce119ecb7ca860eac28b2474c7c9b,,
2024.1.4,Gamma Strategies,Arbitrum Arbitrum Arbitrum Arbitrum Arbitrum Arbitrum Arbitrum Arbitrum Arbitrum Arbitrum Arbitrum Arbitrum Arbitrum,,6.5m,Vulnerable Price Dependency,https://app.blocksec.com/explorer/tx/arbitrum/0xa96584f8ab7c27daea33798bb8a66286c75a2ba57eee3b4192c771f4eb4ac609|https://app.blocksec.com/explorer/tx/arbitrum/0xcbb7ba9aca8467c561e7a1213556fc0da0a7d80d076c08856b590de9ff03f838|https://app.blocksec.com/explorer/tx/arbitrum/0xbbc005af95fdb0decf477989059f70ebae8433955ac3ab1cf77a30ff30f0b615|https://app.blocksec.com/explorer/tx/arbitrum/0xe4bf6f1c964a89d48af60216ce110f4bf54fcbada20b7cefaf6bea55c9f4d542|https://app.blocksec.com/explorer/tx/arbitrum/0xcfdc8147022e8133e74d3576d43ffb56543de30ecf2a4c8c154e51ab18551926|https://app.blocksec.com/explorer/tx/arbitrum/0xf99d4164aa91d94b8b2237a4fbe789c0d117460dcbe2242e832f95447166892b|https://app.blocksec.com/explorer/tx/arbitrum/0xfb044b7d892b812b430decba322922d17c3f902db6040d872d0f845e6eae7ce1|https://app.blocksec.com/explorer/tx/arbitrum/0xe63c77d4a205e1036a230b483753876a93915706af24264e64e470919339ab98|https://app.blocksec.com/explorer/tx/arbitrum/0xff88d10bc452c3dcf04e4ea42c585b86ac521728a40d70ec97e846ed0f0d1597|https://app.blocksec.com/explorer/tx/arbitrum/0xadb209cc735cec128adc9dff43bc4666cf37037efd375970eaf23a2f9fda6e03|https://app.blocksec.com/explorer/tx/arbitrum/0xb678ceb8da285bd6367a3e01af245d93dd23ab8f00a15157955c033a2b3b92c3|https://app.blocksec.com/explorer/tx/arbitrum/0xb678ceb8da285bd6367a3e01af245d93dd23ab8f00a15157955c033a2b3b92c3|https://app.blocksec.com/explorer/tx/arbitrum/0xf71e6e5164f8fb866873eb2ac6a600a5148c374d92b89ecbb37ce540a86a4550,,
2024.1.5,Loot,ETH,,1.2m,Governance Attack,https://app.blocksec.com/explorer/tx/eth/0xbc8c30b7db136e97251eaa9897853ddf125f155b7c63bbe4c06d704384a40556,,
2024.1.12,Wise Lending,ETH,,460k,Business Logic Flaw,https://app.blocksec.com/explorer/tx/eth/0x04e16a79ff928db2fa88619cdd045cdfc7979a61d836c9c9e585b3d6f6d8bc31,,
2024.1.16,Socket,ETH ETH,,3.2m,Unverified User Input,https://app.blocksec.com/explorer/tx/eth/0x591d054a9db63f0976e533f447df482bed5f24d7429646570b2108a67e24ce54|https://app.blocksec.com/explorer/tx/eth/0xc6c3331fa8c2d30e1ef208424c08c039a89e510df2fb6ae31e5aa40722e28fd6,,
2024.1.17,BasketDAO,ETH,,107k,Unverified User Input,https://app.blocksec.com/explorer/tx/eth/0x97201900198d0054a2f7a914f5625591feb6a18e7fc6bb4f0c964b967a6c15f6,,
2024.1.22,DAO_SoulMate,ETH,,319k,Access Control Issue,https://app.blocksec.com/explorer/tx/eth/0x1ea0a2e88efceccb2dd93e6e5cb89e5421666caeefb1e6fc41b68168373da342,,
2024.1.25,NBLGAME,Optimism,,180k,Reentrancy,https://app.blocksec.com/explorer/tx/optimism/0xf4fc3b638f1a377cf22b729199a9aeb27fc62fe2983a65c4d14b99ee5c5b2328,,
2024.1.28,Barley Finance,ETH ETH ETH ETH,,130k,Reentrancy,https://app.blocksec.com/explorer/tx/eth/0xb95f56a93af1dbf477b2c527e186cc37aa4a973f8007717ff6c58ac62eb28a62|https://app.blocksec.com/explorer/tx/eth/0x032c9e7fa7d1697fa64fd4a59f0d08278d27aa537525e9bd17f71f01d36b8b6a|https://app.blocksec.com/explorer/tx/eth/0x2a50db3dac1b4468d226deb53cb34737669b5f93848ac04d4e296ade06f9876c|https://app.blocksec.com/explorer/tx/eth/0x995e880635f4a7462a420a58527023f946710167ea4c6c093d7d193062a33b01,,
2024.1.30,MIM_Spell,ETH ETH,,6.5m,Precision Loss,https://app.blocksec.com/explorer/tx/eth/0xdb4616b89ad82062787a4e924d520639791302476484b9a6eca5126f79b6d877|https://app.blocksec.com/explorer/tx/eth/0x26a83db7e28838dd9fee6fb7314ae58dcc6aee9a20bf224c386ff5e80f7e4cf2,,
2024.1.31,CheckDot Protocol,BSC,,120k,Access Control Issue,https://app.blocksec.com/explorer/tx/bsc/0xdd19e3a1657f8381b561c4d6c9b61be67380e10fd4d367ccad6e8cf28c114e72,,
2024.2.15,Particle Trade,ETH ETH,,139k,Unverified User Input,https://app.blocksec.com/explorer/tx/eth/0x2cc3c3cfbdf04441f3349e49768c909ac252ace6f78b24a25d4700a47883514a|https://app.blocksec.com/explorer/tx/eth/0xd9b3e229acc755881890394cc76fde0d7b83b1abd4d046b0f69c1fd9fd495ff6,,
2024.2.21,DeezNutz_404,ETH,,170k,Accounting Error,https://app.blocksec.com/explorer/tx/eth/0xbeefd8faba2aa82704afe821fd41b670319203dd9090f7af8affdf6bcfec2d61,,
2024.2.23,Blueberry,ETH,,1.4m,Vulnerable Price Dependency,https://app.blocksec.com/explorer/tx/eth/0xf0464b01d962f714eee9d4392b2494524d0e10ce3eb3723873afd1346b8b06e4,,
2024.2.28,Seneca,ETH Arbitrum Arbitrum ETH ETH ETH ETH ETH,,6m,Arbitrary Call,https://app.blocksec.com/explorer/tx/eth/0x9f3712672be7a120757d42fbe15ceefe9578914946bacbd0f3531e7fb7305576|https://app.blocksec.com/explorer/tx/arbitrum/0x5e9c14e30ff1d56da37c17d84378650881095bda2802f0a0bff90fd3a8b11e31|https://app.blocksec.com/explorer/tx/arbitrum/0x3fe4b1486f2a800aa39131b359c0fc4fda0f4aaf621710c6b6754b4107a00fd1|https://app.blocksec.com/explorer/tx/eth/0x6e1baa7ade5bbbabd1cefeb807327aec6082b8b467b9ff74772959c27520c743|https://app.blocksec.com/explorer/tx/eth/0xee02781eda4108f8fb3cca8355218961ad3a3e769b3de8a869acb8ed1654a67e|https://app.blocksec.com/explorer/tx/eth/0x6da8f7cb19d6e56cd9b74298677986b3b55cb9db902175c2627b7d57a85e820d|https://app.blocksec.com/explorer/tx/eth/0xb82239e256404e94edd650c68cea92e146c2f361a09eea11b02624eeaffbaae1|https://app.blocksec.com/explorer/tx/eth/0x23fcf9d4517f7cc39815b09b0a80c023ab2c8196c826c93b4100f2e26b701286,,
2024.3.5,WOO,Arbitrum Arbitrum Arbitrum,,8.8m,Vulnerable Price Dependency,https://app.blocksec.com/explorer/tx/arbitrum/0xe80a16678b5008d5be1484ec6e9e77dc6307632030553405863ffb38c1f94266|https://app.blocksec.com/explorer/tx/arbitrum/0x40e1b8c78083fc666cb7598efcecd0ae0af313fc41441386e4db716c2808ce07|https://app.blocksec.com/explorer/tx/arbitrum/0x57e555328b7def90e1fc2a0f7aa6df8d601a8f15803800a5aaf0a20382f21fbd,,
2024.3.6,TGBS Token,BSC,,150k,Business Logic Flaw,https://app.blocksec.com/explorer/tx/bsc/0xa0408770d158af99a10c60474d6433f4c20f3052e54423f4e590321341d4f2a4,,
2024.3.8,unizen,Polygon ETH ETH ETH ETH ETH ETH ETH ETH ETH ETH ETH ETH ETH,,2.8m,Unverified User Input,https://app.blocksec.com/explorer/tx/polygon/0x3eb2002b46de3e4adee9ed9e093e79582f08fed912194d6e869e6cbbf97eb6e9|https://app.blocksec.com/explorer/tx/eth/0x30fef86a72ea7e1109ffeae572439995c78561ffeb968dcbd61c609efc60fdd9|https://app.blocksec.com/explorer/tx/eth/0x57b736acc7a71a5d7d28f0abcf2d0b6553623ad480464ec347ebb30ab05aae33|https://app.blocksec.com/explorer/tx/eth/0x398a7ea42fab5228200835141bb732843b33943a8cf63bf16104568ccdfded62|https://app.blocksec.com/explorer/tx/eth/0xfcba2c38617edab9abf146bf4381edd2674873cc7bae9c6ba505a45e03a7228b|https://app.blocksec.com/explorer/tx/eth/0xbe79c19ab998540e35a514b24ce65c1857c5604e6c0f8f2b485a53002cf02739|https://app.blocksec.com/explorer/tx/eth/0x71369909c1473635961d7618484705b6a83faf55e0e6b6f885ad0c9ed0d97d56|https://app.blocksec.com/explorer/tx/eth/0x68c900fb23f766ee989b73c9845cc1d98ceadbd36f586e2db47d5acfe60857e2|https://app.blocksec.com/explorer/tx/eth/0x610c0f7b64567fa173c701ec106acb192f6ccda5492e2c1d2e39c8a43493f954|https://app.blocksec.com/explorer/tx/eth/0x45534e2b0d807a4b427498b973e6e02bab0ca6857b29e7c0888e9f3e03fcc0e5|https://app.blocksec.com/explorer/tx/eth/0xdd6e9625a9f9d7d91b00aad8d4bbfdc1fef4553a0b21b6f26a4a29cdfcbb4889|https://app.blocksec.com/explorer/tx/eth/0xbe86b5b967a67365e7430ddd1bdf24556c64d1f6ab1e0898c67cf18c62ee584b|https://app.blocksec.com/explorer/tx/eth/0x871cbbf381295e1c1f9014e036d2a6e860ad7571fdee03a10a40be6a905fc499|https://app.blocksec.com/explorer/tx/eth/0xc12a4155c2c90707138e4aef8883c8f724371145823e2f661f19b93e5b3a9d6e,,
2024.3.14,MO Token,Optimism Optimism Optimism Optimism Optimism Optimism,,750k,Business Logic Flaw,https://app.blocksec.com/explorer/tx/optimism/0xedad1792eef7dcb6a4bd515d3d42a9cb4bd9f10c0e2979591fc6d25156ce865c|https://app.blocksec.com/explorer/tx/optimism/0x4ec3061724ca9f0b8d400866dd83b92647ad8c943a1c0ae9ae6c9bd1ef789417|https://app.blocksec.com/explorer/tx/optimism/0x7168160b315350063896ef732d8005a4d36ffd0534e0ee3d58e82271b30b9f6a|https://app.blocksec.com/explorer/tx/optimism/0x2fb0cf4cdbca04019c679dfa51ae1d8f34153c2725ddb998f9959ef87dc174dd|https://app.blocksec.com/explorer/tx/optimism/0xbfd5dd87b9f80b377ca8649d95e4c788336c7913498c1063fa8a88fd624cd80e|https://app.blocksec.com/explorer/tx/optimism/0xb5700b647d13c625b405b57d4429ffc5902aa29a5b4888c3cf93245b279ae02d,,
2024.3.19,ParaSwap,Optimism Optimism ETH Optimism Arbitrum Base Polygon ETH,,300k,Access Control Issue,https://app.blocksec.com/explorer/tx/optimism/0x7da5cc55e0b386d117b78cf63ccac0dd67e34718e8be72e8a07068639039bede|https://app.blocksec.com/explorer/tx/optimism/0x479cf357964bb3bc79e675f2f20b0850d2bc022edbfa596275477bfb57215dcb|https://app.blocksec.com/explorer/tx/eth/0x1e73c4205822c28a5cb85fa354771bb4a72eb1778b68932e7ab7ba9559db09ec|https://app.blocksec.com/explorer/tx/optimism/0xb19f93865b3ec5c3c0beb4537e4ae49c211ab6480a66ea44e0fcfa57879317b5|https://app.blocksec.com/explorer/tx/arbitrum/0x5810fac8671043df0c2c63b6a0e34537ee68a2a9cb26bcdfcf8f7790caa25f16|https://app.blocksec.com/explorer/tx/base/0x018159bb9d694362b344036081f13c0977aabdf846dd3fd6026f47ca575340c4|https://app.blocksec.com/explorer/tx/polygon/0x197dd5574438d20582d0c7eb7ab8e39d11bbb01c5473031af284a257bac24b08|https://app.blocksec.com/explorer/tx/eth/0x35a73969f582872c25c96c48d8bb31c23eab8a49c19282c67509b96186734e60,,
2024.3.23,ARK Token,BSC,,200k,Access Control Issue,https://app.blocksec.com/explorer/tx/bsc/0xe8b0131fa14d0a96327f6b5690159ffa7650d66376db87366ba78d91f17cd677,,
2024.3.23,Curio Ecosystem,ETH,,100k,Governance Attack,https://app.blocksec.com/explorer/tx/eth/0x4ff4028b03c3df468197358b99f5160e5709e7fce3884cc8ce818856d058e106,,
2024.3.25,ZongZi Token,BSC,,223k,Vulnerable Price Dependency,https://app.blocksec.com/explorer/tx/bsc/0x247f4b3dbde9d8ab95c9766588d80f8dae835129225775ebd05a6dd2c69cd79f,,
2024.3.28,PrismaFi,ETH ETH ETH ETH ETH ETH ETH ETH ETH ETH ETH ETH ETH ETH ETH ETH ETH,,11.6m,Unverified User Input,https://app.blocksec.com/explorer/tx/eth/0xdc5c56869862f7da6527ec68da9d8e1e04ccc3ca16a6b3ebe8f714432d505245|https://app.blocksec.com/explorer/tx/eth/0x0e38dd693ddbc2f62282932f36a4b8de75f8ea1da530532af26698b4eda9a110|https://app.blocksec.com/explorer/tx/eth/0x3b6c97c76446650e65959723c20489ac792fe9101d57e7349df2ebe9e05d63aa|https://app.blocksec.com/explorer/tx/eth/0xbad3925d76bcde46021b67bf59599f9655d4529682fb21e0ee1a9d27a388e460|https://app.blocksec.com/explorer/tx/eth/0x0c91723ebf69efc84d87ae393af51410491368fe9e9edc29cef38d5479aed140|https://app.blocksec.com/explorer/tx/eth/0x12641ade277ba56215bffe6608fb078beb93bf3bb46a37fba91144790895d580|https://app.blocksec.com/explorer/tx/eth/0xce3cdc7c29eb7dfc565f5d99034789e80c1cd3278adafa26af6f3d21c8412c59|https://app.blocksec.com/explorer/tx/eth/0xcd15358ed1cf3014bb4e88cb1229056cd9a0e81b7d29ede43a4e689e9a97b7a7|https://app.blocksec.com/explorer/tx/eth/0x51ba177ae85e58133c5910e7c3a5d027d2edfa67d10e5e3874c323b88ecc377a|https://app.blocksec.com/explorer/tx/eth/0x395d17328d331d7cdf83097963c3fd8d424d82257d8d6f64618fcc6e1e0065a6|https://app.blocksec.com/explorer/tx/eth/0xfddfb8cbcffb27f9f4564a3a5b0a8adb35bea104afc15d6af49fc004dd7441b0|https://app.blocksec.com/explorer/tx/eth/0xe419162da24761275b7b7e9766f3136ddfd9bdb3c4bff13be685197eed11a3ba|https://app.blocksec.com/explorer/tx/eth/0x4d3831d7dc2496fbcd644a4c4e38efc0bb8d0f09e6daf2118b94262c573ea708|https://app.blocksec.com/explorer/tx/eth/0x5b00512a78bab3a6055d43207ea514f044b25b06c6e4e54b48befceff2c3ac93|https://app.blocksec.com/explorer/tx/eth/0xe15fa959627871845f2f5bbfbd7529e6d2aff20ab14ece743f11641700bd7188|https://app.blocksec.com/explorer/tx/eth/0x0d4b5a415fa9a1452a09f8788c85a4acd2e0866519e73bdc37f5591e027b36ac|https://app.blocksec.com/explorer/tx/eth/0x00c503b595946bccaea3d58025b5f9b3726177bbdc9674e634244135282116c7,,
2024.4.1,OpenLeverage,BSC BSC BSC BSC BSC BSC,,234k,Reentrancy,https://app.blocksec.com/explorer/tx/bsc/0x0434bf08a63d70b84fad033d38d8b645498016b3931af4d13f6c11e86848876b|https://app.blocksec.com/explorer/tx/bsc/0xf08b6d36dc6f650c030344b6307ae94528f77a01db11d1284ed966e7e44337d3|https://app.blocksec.com/explorer/tx/bsc/0xa6a1e1a55985ed1d10bee405da0fd32e0670a075e35fd4bd990f4c309fae2839|https://app.blocksec.com/explorer/tx/bsc/0x73e690d72f6d2cbdbdb23f448e10dacc056c5bf7a090c68979cdef3f3af2e9b0|https://app.blocksec.com/explorer/tx/bsc/0x210071108f3e5cd24f49ef4b8bcdc11804984b0c0334e18a9a2cdb4cd5186067|https://app.blocksec.com/explorer/tx/bsc/0xf78a85eb32a193e3ed2e708803b57ea8ea22a7f25792851e3de2d7945e6d02d5,,
2024.4.1,ATM Token,BSC BSC BSC,,182k,Business Logic Flaw,https://app.blocksec.com/explorer/tx/bsc/0x458ea2d7e6c5953b0d927aabc1c6a144df276d6ffa55b236087763396ee57067|https://app.blocksec.com/explorer/tx/bsc/0x2c110663cbce4aef8bfbe2f729de5f18ca1ae50bada00bc35584ed354d2fde20|https://app.blocksec.com/explorer/tx/bsc/0xee10553c26742bec9a4761fd717642d19012bab1704cbced048425070ee21a8a,,
2024.4.12,SumerMoney,Base,,350k,Reentrancy,https://app.blocksec.com/explorer/tx/base/0x619c44af9fedb8f5feea2dcae1da94b6d7e5e0e7f4f4a99352b6c4f5e43a4661,,
2024.4.19,Hedgey Finance,ETH ETH ETH ETH ETH ETH ETH ETH ETH ETH ETH ETH ETH ETH ETH ETH ETH,,1.8m,Unverified User Input,https://app.blocksec.com/explorer/tx/eth/0x03c73a343b5a481c9431af2f4a2146a0e77522a23e5cca9b2ea024778589967f|https://app.blocksec.com/explorer/tx/eth/0x9215b87e49fdd5b0e9fd4688f2d315dfdefc73655be529cc68aa3547f8828879|https://app.blocksec.com/explorer/tx/eth/0xe118170da24b23a7b05cffbb830fea48ca8b64bc5a0217322c68c30952004cab|https://app.blocksec.com/explorer/tx/eth/0x0e655a77d225838499f340f5ad928acb0571b8f0e6f6fde87e0ce5f3856422d0|https://app.blocksec.com/explorer/tx/eth/0x83cf8aae6477932bcbde5fde814f8ca40c5acec4db04f5924c8f166401d34985|https://app.blocksec.com/explorer/tx/eth/0x353a710d9a52a919a5d7220211f11e7851cf99f1243373376c8eb2e48a94b396|https://app.blocksec.com/explorer/tx/eth/0x91ef02e6a99bf97cf5ff54d7084736f826fb280b1af14819c4d86a63c4145099|https://app.blocksec.com/explorer/tx/eth/0x9edb3c12cd3d3352ec56c8222aaa51bbec3e47b693deb9ffa3bcd0a0060a420c|https://app.blocksec.com/explorer/tx/eth/0xf336ff5c7465893a87c79ac514abe2e3fac1b3e06cbe185c00ea6af18d4e7a84|https://app.blocksec.com/explorer/tx/eth/0x108a52c403fe206bafb34ce1880138f22591f82b0f45c6c77de7c8787dc6a834|https://app.blocksec.com/explorer/tx/eth/0x51988f56315afb8417c48948092fb6c6b1007b52aac98e71b21010ddeafea95c|https://app.blocksec.com/explorer/tx/eth/0x4eb093c25d111efa1e8b7f6dc32cc47573c4651b6ea2e30d74bf2449c796692f|https://app.blocksec.com/explorer/tx/eth/0xd0c23f115c66a060ffab78c91c6f9085db5af6257a72858b7fd4def6b7735617|https://app.blocksec.com/explorer/tx/eth/0xe4dbeba25b0c0d67f8ecaff5ec7c0a9569ddc10c817ab6815d5bc3dfb22e9ec0|https://app.blocksec.com/explorer/tx/eth/0x47da1ac72d488f746865891c9196c1632ae04f018b285b762b2b564ad1d3a9e5|https://app.blocksec.com/explorer/tx/eth/0xa17fdb804728f226fcd10e78eae5247abd984e0f03301312315b89cae25aa517|https://app.blocksec.com/explorer/tx/eth/0x2606d459a50ca4920722a111745c2eeced1d8a01ff25ee762e22d5d4b1595739,,
2024.4.24,YIEDL,BSC BSC BSC BSC BSC BSC BSC,,150k,Unverified User Input,https://app.blocksec.com/explorer/tx/bsc/0x8ef3765665cd849cdf9132ab37caf6aa0f891e1f7d9f418f86a6ab6ea38b6f5b|https://app.blocksec.com/explorer/tx/bsc/0x8710034dadecfc8c26f651c612f613fffdece6e2f9957b9ec8ab843218168c1d|https://app.blocksec.com/explorer/tx/bsc/0x5e468cba495e5f6165418fb9d87d824309c54261055425f33f588dd3b3abbcea|https://app.blocksec.com/explorer/tx/bsc/0x0a89b8670c40b4067b9522a5933c3bf8c44c968103aa642b04c65d49ad9e6457|https://app.blocksec.com/explorer/tx/bsc/0x3629ad588ac120163792e92b6c43bd4bdc5bf35cac66eb7f3a0267df93abc849|https://app.blocksec.com/explorer/tx/bsc/0x0f0d41cb8af42babb043d1ede58ee1f3ab8f87c2c50d5a08c3a12d89cb330299|https://app.blocksec.com/explorer/tx/bsc/0x49ca5e188c538b4f2efb45552f13309cc0dd1f3592eee54decfc9da54620c2ec,,
2024.4.24,SaitaChain,ETH ETH,,1m,Access Control Issue,https://app.blocksec.com/explorer/tx/eth/0x903d88a92cbc0165a7f662305ac1bff97430dbcccaa0fe71e101e18aa9109c92|https://app.blocksec.com/explorer/tx/eth/0xe09d350d8574ac1728ab5797e3aa46841f6c97239940db010943f23ad4acf7ae,,
2024.4.25,NGFS Token,BSC,,190k,Access Control Issue,https://app.blocksec.com/explorer/tx/bsc/0x8ff764dde572928c353716358e271638fa05af54be69f043df72ad9ad054de25,,
2024.4.25,PikeFinance,ETH Arbitrum,,300k,Unverified User Input,https://app.blocksec.com/explorer/tx/eth/0x167c97b5897d11b23a6694f30acb71e8deead771d22fe88aee04ca8696a2bffa|https://app.blocksec.com/explorer/tx/arbitrum/0x979ad9b7f5331ea8034305a83b5cd50aea88adec395fff8298dd90eb1b87667f,,
2024.4.27,Ember Sword,Polygon,,196k,Access Control Issue,https://app.blocksec.com/explorer/tx/polygon/0x11a62441b20e74d586e761885659c3cb45cbc447c89c73c5fd892a634cb8af76,,
2024.4.30,PikeFinance,ETH Arbitrum Optimism,,1.7m,Storage Collision,https://app.blocksec.com/explorer/tx/eth/0xe2912b8bf34d561983f2ae95f34e33ecc7792a2905a3e317fcc98052bce66431|https://app.blocksec.com/explorer/tx/arbitrum/0xdac6af5695ba00b3d229574dbf7fcc326d16b9f8a52ad2620637d3022956d157|https://app.blocksec.com/explorer/tx/optimism/0x6baa6332f9a3ed75e727311d6317fb636844d61d9df5e199f9f68711eb632d6f,,
2024.5.10,Tsuru,Base,,404k,Access Control Issue,https://app.blocksec.com/explorer/tx/base/0xe63a8df8759f41937432cd34c590d85af61b3343cf438796c6ed2c8f5b906f62,,
2024.5.14,Predy Finance,Arbitrum,,464k,Accounting Error,https://app.blocksec.com/explorer/tx/arbitrum/0xbe163f651d23f0c9e4d4a443c0cc163134a31a1c2761b60188adcfd33178f50f,,
2024.5.14,SonneFinance,Optimism Optimism Optimism Optimism Optimism Optimism Optimism,,20m,Precision Loss,https://app.blocksec.com/explorer/tx/optimism/0xb43748ed668c1e44cf0a3e829ca0fe24eceaee7d33d06072bb11ca99afa7f448|https://app.blocksec.com/explorer/tx/optimism/0x67632758ce19a41648f28fba6d3d87c7248202238234137bb4741da097cfa029|https://app.blocksec.com/explorer/tx/optimism/0x100ff0317251b899fe50baea8d0a107dd2fa9dd3b85dcff66f9841f25dfd1a4d|https://app.blocksec.com/explorer/tx/optimism/0x5729810d3cc325597be4f9c1a1c5d03ebad02c55750b966732ed6ab628a8f722|https://app.blocksec.com/explorer/tx/optimism/0xfea20e78a94b3a34951031e3e6fc71f27c348eb7116dc24a777f46e6fe5a81f6|https://app.blocksec.com/explorer/tx/optimism/0x150a8ad61cdf9ba5a687b9cff95c90aa5eaa825ac1b07c016ccb905f97d511c3|https://app.blocksec.com/explorer/tx/optimism/0x9312ae377d7ebdf3c7c3a86f80514878deb5df51aad38b6191d55db53e42b7f0,,
2024.5.20,Gala,ETH,,21m,Compromised Private Key,https://app.blocksec.com/explorer/tx/eth/0xa6d90abe17d17743a9cecab84bcefb0fd0bbfa0c61bba60fd2f680b0a2f077fe,,
2024.5.24,Kraken,Base,,3m,Accounting Error,https://app.blocksec.com/explorer/tx/base/0xfbf6b17a9de7f9e1e97eb48dc68a993f7663d4b9530a3cd6cc262e554549e59d,,
2024.5.26,Normie,Base,,490k,Business Logic Flaw,https://app.blocksec.com/explorer/tx/base/0xa618933a0e0ffd0b9f4f0835cc94e523d0941032821692c01aa96cd6f80fc3fd,,
2024.5.28,Orion Protocol,BSC,,645k,Business Logic Flaw,https://app.blocksec.com/explorer/tx/bsc/0x660837a1640dd9cc0561ab7ff6c85325edebfa17d8b11a3bb94457ba6dcae18c,,
2024.5.29,MetaDragon,BSC,,180k,Access Control Issue,https://app.blocksec.com/explorer/tx/bsc/0x3ad998a01ad1f1bbe6dba6a08e658c1749dabfa4a07da20ded3c73bcd6970d20,,
2024.5.31,TLN Protocol,BSC,,163k,Vulnerable Price Dependency,https://app.blocksec.com/explorer/tx/bsc/0x1350cc72865420ba5d3c27234fd4665ad25c021b0a75ba03bc8340a1b1f98a45,,
2024.6.1,Velocore,zkSync-Era Linea Linea,,6.8m,Business Logic Flaw,https://app.blocksec.com/explorer/tx/zksync-era/0x4156d73cadc18419220f5bcf10deb4d97a3d3f7533d63ba90daeabc5fd11ba17|https://app.blocksec.com/explorer/tx/linea/0xed11d5b013bf3296b1507da38b7bcb97845dd037d33d3d1b0c5e763889cdbed1|https://app.blocksec.com/explorer/tx/linea/0x37434e674efc4e7cfeed7746095301ace5636028906fe548b786ead286e35eb0,,
2024.6.10,UwU Lend,ETH ETH ETH ETH,,23m,Vulnerable Price Dependency,https://app.blocksec.com/explorer/tx/eth/0x9235e0662e230bdfa94f56f4932fd09a95fea17e4b9b44a4f40a59449e216110|https://app.blocksec.com/explorer/tx/eth/0xca1bbf3b320662c89232006f1ec6624b56242850f07e0f1dadbe4f69ba0d6ac3|https://app.blocksec.com/explorer/tx/eth/0xb3f067618ce54bc26a960b660cfc28f9ea0315e2e9a1a855ede1508eb4017376|https://app.blocksec.com/explorer/tx/eth/0x242a0fb4fde9de0dc2fd42e8db743cbc197ffa2bf6a036ba0bba303df296408b,,
2024.6.13,Holograph,ETH,,1.3m,Compromised Private Key,https://app.blocksec.com/explorer/tx/eth/0x0cc143ccf3316d47b36a2e45577922f4ebe2374966bb22c1e9cf49c747d46396,,
2024.7.05,DeFiPlaza,ETH,,196k,Precision Loss,https://app.blocksec.com/explorer/tx/eth/0xa245deda8553c6e4c575baff9b50ef35abf4c8f990f8f36897696f896f240e3a,,
2024.7.12,Dough Finance,ETH ETH ETH ETH ETH,,1.8m,Access Control Issue,https://app.blocksec.com/explorer/tx/eth/0x589e9a809ba14ff30fa22333f2432c364377df9ebf2681b6321aaca3028ff613|https://app.blocksec.com/explorer/tx/eth/0x4d52f0dad3ddb7ac5523c51a75a9acd47b244e536b240d692784305b69ca6ab5|https://app.blocksec.com/explorer/tx/eth/0xf356d1b05d26de824baddf1a575a33dcf63e2ecec2a0eaa37b15653b94845b63|https://app.blocksec.com/explorer/tx/eth/0x28a934816ed0371a3fbb2f89986eecf87a22937c40309ff2f58697792215b4da|https://app.blocksec.com/explorer/tx/eth/0x92cdcc732eebf47200ea56123716e337f6ef7d5ad714a2295794fdc6031ebb2e,,
2024.7.14,Minterest Finance,Mantle,,1.5m,Reentrancy,https://app.blocksec.com/explorer/tx/mantle/0xb3c4c313a8d3e2843c9e6e313b199d7339211cdc70c2eca9f4d88b1e155fd6bd,,
2024.7.16,LI.FI,ETH Arbitrum ETH ETH ETH ETH ETH ETH ETH ETH ETH ETH ETH ETH ETH ETH ETH ETH ETH,,11m,Arbitrary Call,https://app.blocksec.com/explorer/tx/eth/0x82f47783e8d3029767090ed9a5ac3e2774d04b8fe908c9ca1f959d1b8c6a83a9|https://app.blocksec.com/explorer/tx/arbitrum/0x48be219ac50107de5a02b417624120f4148b4fe1c01a226c672f838a5e6e0986|https://app.blocksec.com/explorer/tx/eth/0x96436532daf9d1028117945315c565b310f76a2d94e6d176b1aefe5cb0be9144|https://app.blocksec.com/explorer/tx/eth/0x047056478cabe20b7c32a85b34f558dd90e7b3235b77d1a4342fdc15b74c910f|https://app.blocksec.com/explorer/tx/eth/0x909f5000636dce99528ab9a14475744e481a6b4e060fc693cf6e0fca48fa7deb|https://app.blocksec.com/explorer/tx/eth/0xaa88931369fc09f507c9a02b9ccbc6bec1eca83845745ceb551c1f9fba157c4a|https://app.blocksec.com/explorer/tx/eth/0x728c9bf98fcb1f35dd6551fb7a411e841570d2f73ac408916698cecdcffde36a|https://app.blocksec.com/explorer/tx/eth/0xa67d8a6d59dc258e74a93a22abd26d49d159fb123dbe243d3c5b6b41a499086b|https://app.blocksec.com/explorer/tx/eth/0x0729eda09a8b5743d7328a717019d51b2a05634d6fe764d5213fd6fb3e303f59|https://app.blocksec.com/explorer/tx/eth/0x46c001fb4149c2381196c8e1428d966dc44dd46061f8ecf8383a5363adeee312|https://app.blocksec.com/explorer/tx/eth/0x65a92b189e4ae0b8a8a02cd59c5e9f6832586bd5167d41a24eb4f4d2ac692755|https://app.blocksec.com/explorer/tx/eth/0x2cb7206f1067df3e9e4b9e5d05139c4a907f69e235f3ce0f64e424a874c65d54|https://app.blocksec.com/explorer/tx/eth/0x57ff54bda419773a31653fe63dbb00981b6e971b4c2b2b650c2f10b4342f8464|https://app.blocksec.com/explorer/tx/eth/0xde084e8c7cdec910d17ad7aeaa24a2973fc8c36add6d83a42de15446ddaaca5d|https://app.blocksec.com/explorer/tx/eth/0xa63052e97b989eecd789b76f670d6a5ed8a72334ce99831a36d7a642b087537f|https://app.blocksec.com/explorer/tx/eth/0x606a49471ebcb608bf034abd982750d626b7eaf45a963118d5aae5baae4a2da2|https://app.blocksec.com/explorer/tx/eth/0x86fe6933f03c14f75167e560e6635a23fab59b268e68c86d60c4d46afe0aeabc|https://app.blocksec.com/explorer/tx/eth/0xd82fe84e63b1aa52e1ce540582ee0895ba4a71ec5e7a632a3faa1aff3e763873|https://app.blocksec.com/explorer/tx/eth/0x602d810c47a9022b422cf2fa32ec973f887a72df78d40e448d511e82eba5a38a,,
2024.7.18,WazirX,ETH,,207m,Compromised Private Key,https://app.blocksec.com/explorer/tx/eth/0x48164d3adbab78c2cb9876f6e17f88e321097fcd14cadd57556866e4ef3e185d,,
2024.7.21,UPS,BSC,,521k,Business Logic Flaw,https://app.blocksec.com/explorer/tx/bsc/0x1ddf415a4b18d25e87459ad1416077fe7398d5504171d4ca36e757b1a889f604,,
2024.7.22,DeltaPrime,Arbitrum Arbitrum,,1m,Misconfiguration,https://app.blocksec.com/explorer/tx/arbitrum/0xc4350cf22cabfd88e4221d3496e84cd28841682d60ef89020622844e5879b99f|https://app.blocksec.com/explorer/tx/arbitrum/0x7d6220913cc4a1307f98c4c4b351264d8d02eb2f0e39b5fbf85d0e90594cfdf3,,
2024.7.23,Spectra,ETH,,550k,Arbitrary Call,https://app.blocksec.com/explorer/tx/eth/0x491cf8b2a5753fdbf3096b42e0a16bc109b957dc112d6537b1ed306e483d0744,,
2024.8.1,Convergence,ETH,,210k,Unverified User Input,https://app.blocksec.com/explorer/tx/eth/0x636be30e58acce0629b2bf975b5c3133840cd7d41ffc3b903720c528f01c65d9,,
2024.8.6,TokenStake (Unknown),BSC BSC BSC BSC BSC BSC BSC BSC BSC BSC,,578k,Vulnerable Price Dependency,https://app.blocksec.com/explorer/tx/bsc/0xb0454dc07a6cc328ea517dbebd8c90fe569d78d443e5170a815a65fe0bf28970|https://app.blocksec.com/explorer/tx/bsc/0x3065bdbc88ff9c7e5bd40c7bf0aab3bf3ffa9b3c3d5ab0744fe774a8f68d0357|https://app.blocksec.com/explorer/tx/bsc/0x2dd67488d958d5d966b779e84678c696eeb1e8eb6ee924b6dbad7232b3677315|https://app.blocksec.com/explorer/tx/bsc/0xb1ad1188d620746e2e64785307a7aacf2e8dbda4a33061a4f2fbc9721048e012|https://app.blocksec.com/explorer/tx/bsc/0x9bc904b75921b396b0e4b93a21f298b5204cf8e01e79930f546b2e9bfad71bb2|https://app.blocksec.com/explorer/tx/bsc/0x76fe3e98a02ef7c3f233415d75a513f6a322188c756ca29f81422d5425e7c7c0|https://app.blocksec.com/explorer/tx/bsc/0x48c2762faf142c344085127b70367e9da2fc6b820589218777cc936d502f6547|https://app.blocksec.com/explorer/tx/bsc/0xffe9ca7960c68a036d2702edb4978ac2eb2c0b8423f60c80a6dc489fb379ff7c|https://app.blocksec.com/explorer/tx/bsc/0x8ae7c021ac1e6ec354d647c4a586a41ebc850b4a4dc21cf7ab1f2257120107a9|https://app.blocksec.com/explorer/tx/bsc/0x94ff0c3f3177a6ffd3365652ae2dc1f0a4ecf5f5758df1fdc3339303992a2ae4,,
2024.8.6,Ronin Bridge,ETH ETH ETH,,11.8m,Misconfiguration,https://app.blocksec.com/explorer/tx/eth/0xbce5b8548db486c561948e8a177c8ccaa72810f972cee3909ea50af015a60ad8|https://app.blocksec.com/explorer/tx/eth/0x77bb83dd9b25a0af12c0092993ddf1a2f54b77fbcd1dbf1bf33a965ec707268b|https://app.blocksec.com/explorer/tx/eth/0x2619570088683e6cc3a38d93c3d98899e5783864e15525d5f5810c11189ba6cb,,
2024.8.12,iVest Token,BSC,,172k,Double Accounting,https://app.blocksec.com/explorer/tx/bsc/0x12f27e81e54684146ec50973ea94881c535887c2e2f30911b3402a55d67d121d,,
2024.8.13,VOW,ETH ETH,,1m,Misconfiguration,https://app.blocksec.com/explorer/tx/eth/0xb569340f147cb6d5722490221ba65950a870aaa4db6ab835b8aa128c5dee36b3|https://app.blocksec.com/explorer/tx/eth/0x758efef41e60c0f218682e2fa027c54d8b67029d193dd7277d6a881a24b9a561,,
2023.12.31,Channels,BSC,,4.4k,,https://app.blocksec.com/explorer/tx/bsc/0xcf729a9392b0960cd315d7d49f53640f000ca6b8a0bd91866af5821fdf36afc5,,
2023.12.28,CCV,BSC,,3.2k,Precision loss,https://app.blocksec.com/explorer/tx/bsc/0x6ba4152db9da45f5751f2c083bf77d4b3385373d5660c51fe2e4382718afd9b4,,
2023.12.28,DominoTT,BSC,,5 $WBNB,Precision loss,https://app.blocksec.com/explorer/tx/bsc/0x6ba4152db9da45f5751f2c083bf77d4b3385373d5660c51fe2e4382718afd9b4,,
2023.12.20,TransitFinance,BSC,,110k,Lack of Validation Pool,https://app.blocksec.com/explorer/tx/bsc/0x93ae5f0a121d5e1aadae052c36bc5ecf2d406d35222f4c6a5d63fef1d6de1081,,
2023.12.17,Bob,BSC,,3BNB,Price Manipulation,https://bscscan.com/tx/0xfb14292a531411f852993e5a3ba4e7eb63ed548220267b9b3f4aacc5572d3a58,,
2023.12.14,PHIL,BSC,,2BNB,Business Logic Flaw,https://app.blocksec.com/explorer/tx/bsc/0x51dfa4311d6989c21b460590460a94f854446176fc184b8d1a16314fd043f737,,
2023.12.9,BCT,BSC,,10.2BNB,Price Manipulation,https://bscscan.com/tx/0xdae0b85e01670e6b6b317657a72fb560fc388664cf8bfdd9e1b0ae88e0679103,,
2023.12.7,HNet,BSC,,2.4 $WBNB,Business logic flaw,https://app.blocksec.com/explorer/tx/bsc/0x67af906c1efc05067a01f197bd780ebf4e0a76729d54288a400e715f87ea50c7,,
2023.12.5,MAMO,BSC,,3.3k,Price Manipulation,https://bscscan.com/tx/0x189a8dc1e0fea34fd7f5fa78c6e9bdf099a8d575ff5c557fa30d90c6acd0b29f,,
2023.11.30,EEE,BSC,,22.8k,Price Manipulation,https://bscscan.com/tx/0x7312d9f9c13fc69f00f58e92a112a3e7f036ced7e65f7e0fa67382488d5557dc,,
2023.11.6,KR,BSC,,15k,Precision loss,https://app.blocksec.com/explorer/tx/bsc/0x2abf871eb91d03bc8145bf2a415e79132a103ae9f2b5bbf18b8342ea9207ccd7,,
2023.8.2,Uwerx,ETH,,176ETH,Fault logic,https://etherscan.io/tx/0x3b19e152943f31fe0830b67315ddc89be9a066dc89174256e17bc8c2d35b5af8,,
2023.1.19,ThoreumFinance-business,BSC,,2000 BNB,logic flaw,https://bscscan.com/tx/0x3fe3a1883f0ae263a260f7d3e9b462468f4f83c2c88bb89d1dee5d7d24262b51,,
2023.12.31,Channels,BSC,,4.4k,Price Manipulation,https://app.blocksec.com/explorer/tx/bsc/0xcf729a9392b0960cd315d7d49f53640f000ca6b8a0bd91866af5821fdf36afc5,,
2023.12.30,ChannelsFinance,BSC,,320k,CompoundV2 Inflation,https://bscscan.com/tx/0x93372ce9c86a25f1477b0c3068e745b5b829d5b58025bb1ab234230d3473b776,,
2023.12.28,CCV,BSC,,3.2k,Precision loss,https://app.blocksec.com/explorer/tx/bsc/0x6ba4152db9da45f5751f2c083bf77d4b3385373d5660c51fe2e4382718afd9b4,,
2023.12.22,PineProtocol,ETH,,90k,Business Logic Flaw,https://etherscan.io/tx/0x88db033171344c7b89d50f48e1e50ef3a622371cf3ab997613469904838c83ad,,
2023.12.20,TransitFinance,BSC,,110k,Lack of Validation Pool,https://explorer.phalcon.xyz/tx/bsc/0x93ae5f0a121d5e1aadae052c36bc5ecf2d406d35222f4c6a5d63fef1d6de1081,,
2023.12.17,Bob,BSC,,3BNB,Price Manipulation,https://bscscan.com/tx/0xfb14292a531411f852993e5a3ba4e7eb63ed548220267b9b3f4aacc5572d3a58,,
2023.12.16,GoodDollar,ETH,,2m,Lack of Input Validation & Reentrancy,https://etherscan.io/tx/0x726459a46839c915ee2fb3d8de7f986e3c7391c605b7a622112161a84c7384d0,,
2023.12.14,PHIL,BSC,,3BNB,Business Logic Flaw,https://app.blocksec.com/explorer/tx/bsc/0x51dfa4311d6989c21b460590460a94f854446176fc184b8d1a16314fd043f737,,
2023.12.13,HYPR,ETH,,200k,Business Logic Flaw,https://app.blocksec.com/explorer/tx/eth/0x51ce3d9cfc85c1f6a532b908bb2debb16c7569eb8b76effe614016aac6635f65,,
2023.12.11,GoodCompound,ETH,,13k,Price Manipulation,https://getherscan.io/tx/0x1106418384414ed56cd7cbb9fedc66a02d39b663d580abc618f2d387348354ab,,
2023.12.09,BCT,BSC,,10.3BNB,Price Manipulation,https://bscscan.com/tx/0xdae0b85e01670e6b6b317657a72fb560fc388664cf8bfdd9e1b0ae88e0679103,,
2023.12.07,Hnet,BSC,,2.4WBNB,Business logic flaw,https://app.blocksec.com/explorer/tx/bsc/0x67af906c1efc05067a01f197bd780ebf4e0a76729d54288a400e715f87ea50c7,,
2023.12.06,TIME,ETH,,84.59ETH,Arbitrary Address Spoofing Attack,https://explorer.phalcon.xyz/tx/eth/0xecdd111a60debfadc6533de30fb7f55dc5ceed01dfadd30e4a7ebdb416d2f6b6,,
2023.12.05,MAMO,BSC,,3.3k,Price Manipulation,https://bscscan.com/tx/0x189a8dc1e0fea34fd7f5fa78c6e9bdf099a8d575ff5c557fa30d90c6acd0b29f,,
2023.12.01,UnverifiedContr_0x431abb,BSC BSC,,500k,Business Logic Flaw,https://app.blocksec.com/explorer/tx/bsc/0xb650e9f4b9eb023ea65b55ca4d088323e3d5bda377880dedb149a7fd3fd5c15f|https://app.blocksec.com/explorer/tx/bsc/0xbeea4ff215b15870e22ed0e4d36ccd595974ffd55c3d75dad2230196cc379a52,,
2023.11.30,EEE,BSC,,22.8k,Price Manipulation,https://bscscan.com/tx/0x7312d9f9c13fc69f00f58e92a112a3e7f036ced7e65f7e0fa67382488d5557dc,,
2023.11.29,Burntbubba,ETH,,3k,Price Manipulation,https://etherscan.io/tx/0x2b6d0af0dc513a15e325703405739057f9de6ef3f99934b957653b8a3fade4c6,,
2023.11.25,MetaLend,ETH,,4k,CompoundV2 Inflation Attack,https://etherscan.io/tx/0x4c684fb2618c29743531dec9253ede1b757bda0b323dc2f305e3b50ab1773da7,,
2023.11.16,WECO,BSC,,18k,Business Logic Flaw,https://app.blocksec.com/explorer/tx/BSC/0x2040a481c933b50ee31aba257c2041c48bb7a0b4bf4b4fad1ac165f19c4269e8,,
2023.11.15,EHX,BSC BSC,,Unclear,Lack of Slippage Control,https://bscscan.com/tx/0x8b528372b743b4b8c4eb0904c96529482653187c19e13afaa22f3ba4e08fbfbb|https://bscscan.com/tx/0xf1985a1231e5bcf21a9c7b132e09134322ee212239cdd1f1c6aad26fd119e78c,,
2023.11.12,MEVBot_0x8c2d,BSC,,365k,Lack of Access Control,https://app.blocksec.com/explorer/tx/bsc/0x3dcb26a1f49eb4d02ca29960b4833bfb2e83d7b5d9591aed1204168944c8c9b3,,
2023.11.11,MahaLend,ETH,,20k,Donate Inflation ExchangeRate & Rounding Error,https://app.blocksec.com/explorer/tx/eth/0x2881e839d4d562fad5356183e4f6a9d427ba6f475614ce8ef64dbfe557a4a2cc,,
2023.11.10,Raft_fi,ETH ETH,,3.2m,Donate Inflation ExchangeRate & Rounding Error,https://app.blocksec.com/explorer/tx/eth/0xa1378a4d61e81339daaf2c7c8bb669be42002919f10379c616d0aee34047794e|https://app.blocksec.com/explorer/tx/eth/0xfeedbf51b4e2338e38171f6e19501327294ab1907ab44cfd2d7e7336c975ace7,,
2023.11.07,RBalancer,ETH,,17ETH,Business Logic Flaw,https://etherscan.io/tx/0xbf5b2d22fa88965ddfc6e6d685fc7cfc683340c49e126386759ed9e4027b1415,,
2023.11.06,KR,BSC,,15k,Precision loss,https://app.blocksec.com/explorer/tx/bsc/0x2abf871eb91d03bc8145bf2a415e79132a103ae9f2b5bbf18b8342ea9207ccd7,,
2023.11.02,3913Token,BSC,,31354USD,Deflationary Token Attack,https://defimon.xyz/attack/bsc/0x8163738d6610ca32f048ee9d30f4aa1ffdb3ca1eddf95c0eba086c3e936199ed,,
2023.11.01,SwampFinance,BSC,,Unclear,Business Logic Flaw,https://bscscan.com/tx/0x13e75878a21af9a9b2207f5d9e18f19a43083a9ffbac36df5a7d4d67a52c164f,,
2023.10.30,LaEeb,BSC,,1.8WBNB,Lack Slippage Protection,https://bscscan.com/tx/0x0d13a61e9dc81cfae324d3d80e49830d9bbae300f760e016a15600889a896a1b,,
2023.10.28,AstridProtocol,ETH,,127ETH,Business Logic Flaw,https://app.blocksec.com/explorer/tx/eth/0x8af9b5fb3e2e3df8659ffb2e0f0c1f4c90d5a80f4f6fccef143b823ce673fb60,,
2023.10.24,MaestroRouter2,ETH,,280ETH,Arbitrary External Call,https://app.blocksec.com/explorer/tx/eth/0xc087fbd68b9349b71838982e789e204454bfd00eebf9c8e101574376eb990d92,,
2023.10.22,OpenLeverage,BSC,,8k,Business Logic Flaw,https://bscscan.com/tx/0xf9b78a98238d352beb047a4eabe4c06c38b4103306f5037b6916764123e33960,,
2023.10.12,Platypus,Avalanche,,2m,Business Logic Flaw,https://app.blocksec.com/explorer/tx/avalanche/0xab5f6242fb073af1bb3cd6e891bc93d247e748a69e599a3744ff070447acb20f,,
2023.10.08,ZS,BSC,,14k,Business Logic Flaw,https://bscscan.com/tx/0xbc88aa6057f9da6f88e28bc908baad111ae7545e69fb0c90fbdfd485c9e72192,,
2023.09.30,FireBirdPair,Polygon,,3.2k,Lack Slippage Protection,https://explorer.phalcon.xyz/tx/polygon/0x96d80c609f7a39b45f2bb581c6ba23402c20c2b6cd528317692c31b8d3948328,,
2023.09.16,uniclyNFT,ETH,,1NFT,Reentrancy,https://etherscan.io/tx/0xc42fe1ce2516e125a386d198703b2422aa0190b25ef6a7b0a1d3c6f5d199ffad,,
2023.09.05,HeavensGate,Polygon,,8ETH,Rebasing logic issue,https://explorer.phalcon.xyz/tx/eth/0xe28ca1f43036f4768776805fb50906f8172f75eba3bf1d9866bcd64361fda834,,
2023.09.02,DAppSocial,ETH,,16k,Business Logic Flaw,https://etherscan.io/tx/0xbd72bccec6dd824f8cac5d9a3a2364794c9272d7f7348d074b580e3c6e44312e,,
2023.08.29,EAC,BSC,,29BNB,Price Manipulation,https://bscscan.com/tx/0x477f9ee698ac8ae800ffa012ab52fd8de39b58996245c5e39a4233c1ae5f1baa,,
2023.08.26,SVT,BSC,,400k,flawed price calculation,https://app.blocksec.com/explorer/tx/bsc/0xf2a0c957fef493af44f55b201fbc6d82db2e4a045c5c856bfe3d8cb80fa30c12,,
2023.08.21,EHIVE,ETH,,15K,Business Logic Flaw,https://etherscan.io/tx/0xad818ec910def08c70ac519ab0fffa084b4178014a91cd8aa2f882d972a511c1,,
2023.08.19,BTC20,ETH,,18ETH,Price Manipulation,https://etherscan.io/tx/0xcdd93e37ba2991ce02d8ca07bf6563bf5cd5ae801cbbce3dd0babb22e30b2dbe,,
2023.08.18,ExactlyProtocol,Optimism,,7M,insufficient validation,https://app.blocksec.com/explorer/tx/optimism/0x3d6367de5c191204b44b8a5cf975f257472087a9aadc59b5d744ffdef33a520e,,
2023.08.14,ZunamiProtocol,ETH ETH,,2M,Price Manipulation,https://etherscan.io/tx/0x2aec4fdb2a09ad4269a410f2c770737626fb62c54e0fa8ac25e8582d4b690cca|https://etherscan.io/tx/0x0788ba222970c7c68a738b0e08fb197e669e61f9b226ceec4cab9b85abe8cceb,,
2023.08.09,EarningFram,ETH,,286K,Reentrancy,https://app.blocksec.com/explorer/tx/eth/0x6e6e556a5685980317cb2afdb628ed4a845b3cbd1c98bdaffd0561cb2c4790fa,,
2023.08.02,CurveBurner,ETH,,36K,Lack Slippage ,https://etherscan.io/tx/0xf517d5d4a09b0fbbe6b9c65cdea939ae988202756368d9e0433cb9fe410896b1,,
2023.08.02,Uwerx,ETH,,176ETH,Fault logic,https://etherscan.io/tx/0x3b19e152943f31fe0830b67315ddc89be9a066dc89174256e17bc8c2d35b5af8,,
2023.08.01,NeutraFinance,Arbitrum,,23ETH,Price Manipulation,https://app.blocksec.com/explorer/tx/arbitrum/0x6301d4c9f7ac1c96a65e83be6ea2fff5000f0b1939ad24955e40890bd9fe6122,,
2023.07.26,Carson,BSC BSC BSC BSC,,150K,Price manipulation,https://bscscan.com/tx/0x37d921a6bb0ecdd8f1ec918d795f9c354727a3ff6b0dba98a512fceb9662a3ac|https://bscscan.com/tx/0xed52a42b2f45e4dea8d07f70d645931e4f6da65e9ab281cd3dbb9d9d21febb45|https://bscscan.com/tx/0xcd781fec34b46f8c7372a9fcc7604c210b40442dc4f1a5c274fc3f9283df39ce|https://bscscan.com/tx/0x6a94a644856c3aa1db8249b700956379b6b3a18de9b8811566fbd56c89240a01,,
2023.07.23,MintoFinance,BSC,,9K,Signature Replay,https://bscscan.com/tx/0x53be95dc8ffbc80060215133f76f48df35deef3cd7e1803e24b1e2f8aa53440b,,
2023.07.22,Conic Finance 02,ETH,,934K,Price Manipulation,https://etherscan.io/tx/0x8b74995d1d61d3d7547575649136b8765acb22882960f0636941c44ec7bbe146,,
2023.07.20,Utopia,BSC,,119K,Business Logic Flaw,https://bscscan.com/tx/0xeb4eb487f58d39c05778fed30cd001b986d3c52279e44f46b2de2773e7ee1d5e,,
2023.07.18,APEDAO,BSC,,7K,Business Logic Flaw,https://bscscan.com/tx/0x8d35dfd9968ce61fb969ffe8dcc29eeeae864e466d2cb0b7d26ce63644691994,,
2023.07.15,USDTStakingContract28,ETH,,20999USD,Lack of access control,https://etherscan.io/tx/0xfc872bf5ca8f04b18b82041ec563e4abf2e31e1fc27d1ea5dee39bc8a79d2d06,,
2023.07.12,WGPT,BSC BSC,,80K,Business Logic Flaw,https://app.blocksec.com/explorer/tx/bsc/0x258e53526e5a48feb1e4beadbf7ee53e07e816681ea297332533371032446bfd|https://bscscan.com/tx/0x258e53526e5a48feb1e4beadbf7ee53e07e816681ea297332533371032446bfd,,
2023.07.11,RodeoFinance,Arbitrum,,888K,TWAP Oracle Manipulation,https://app.blocksec.com/explorer/tx/arbitrum/0xb1be5dee3852c818af742f5dd44def285b497ffc5c2eda0d893af542a09fb25a,,
2023.07.11,Libertify,Polygon ETH,,452K,Reentrancy,https://polygonscan.com/tx/0x7320accea0ef1d7abca8100c82223533b624c82d3e8d445954731495d4388483|https://app.blocksec.com/explorer/tx/eth/0xcb0ad9da33ecabf75df0a24aabf8a4517e4a7c5b1b2f11fee3b6a1ad9299a282,,
2023.07.10,ArcadiaFi,ETH Optimism,,400K,Reentrancy,https://app.blocksec.com/explorer/tx/eth/0xefc4ac015069fdf9946997be0459db44c0491221159220be782454c32ec2d651|https://app.blocksec.com/explorer/tx/optimism/0xca7c1a0fde444e1a68a8c2b8ae3fb76ec384d1f7ae9a50d26f8bfdd37c7a0afe,,
2023.07.08,CIVNFT,ETH ETH,,180K,Lack of access control,https://app.blocksec.com/explorer/tx/eth/0x93a033917fcdbd5fe8ae24e9fe22f002949cba2f621a1c43a54f6519479caceb|https://etherscan.io/tx/0xc42fc0e22a0f60cc299be80eb0c0ddce83c21c14a3dddd8430628011c3e20d6b,,
2023.07.07,LUSD,BSC,,9464USDT,Price manipulation attack,https://bscscan.com/tx/0x1eeef7b9a12b13f82ba04a7951c163eb566aa048050d6e9318b725d7bcec6bfa,,
2023.07.04,BaoCommunity,ETH,,46K,Donate Inflation ExchangeRate && Rounding Error,https://etherscan.io/tx/0xdd7dd68cd879d07cfc2cb74606baa2a5bf18df0e3bda9f6b43f904f4f7bbdfc1,,
2023.06.30,Biswap,BSC BSC BSC,,72K,V3Migrator Exploit,https://bscscan.com//tx/0xe13ec0941580d3c286b46fa6566f20195bdd52b3d65fc7ff4a953a8fc774c6c4|https://bscscan.com//tx/0xe5c89e9ac217e4e16c2399f3597f7b5fbb73b45c1d3360788ee51ea2561def3a|https://bscscan.com//tx/0x8693a95f8481ba02ceaabed8e95b4e1eb8ac589c69c027c96b12ac5295714c3f,,
2023.06.28,Themis,Arbitrum Arbitrum,,370K,Manipulation of prices using Flashloan,https://arbiscan.io/tx/0xff368294ccb3cd6e7e263526b5c820b22dea2b2fd8617119ba5c3ab8417403d8|https://app.blocksec.com/explorer/tx/arbitrum/0xff368294ccb3cd6e7e263526b5c820b22dea2b2fd8617119ba5c3ab8417403d8,,
2023.06.27,UnverifiedContr_9ad32,BSC BSC,,5955USD,Business Loigc Flaw,https://bscscan.com/tx/0xe1bf84b7a57498c0573361b20b16077cc933e4c47aa0821bcea5b158a60ef505|https://bscscan.com/tx/0x1147b3c0f3ebdd524c4e58430bb736eba9f7fa522158f5ad81eb3e2394b466d0,,
2023.06.21,BabyDogeCoin02,BSC BSC,,441BNB,Lack Slippage Protection,https://bscscan.com/tx/0xbaf3e4841614eca5480c63662b41cd058ee5c85dc69198b29e7ab63b84bc866c|https://bscscan.com/tx/0x24a68d2a4bbb02f398d3601acfd87b09f543d935fc24862c314aaf64c295acdb,,
2023.06.19,Contract_0x7657,ETH,,20K,Business Loigc,https://etherscan.io/tx/0x74279a131dccd6479378b3454ea189a6ce350cce51de47d81a0ef23db1b134d5,,
2023.06.18,ARA,BSC,,125K,Incorrect handling of permissions,https://bscscan.com/tx/0xd87cdecd5320301bf9a985cc17f6944e7e7c1fbb471c80076ef2d031cc3023b2,,
2023.06.15,CFC,ETH BSC ETH,,16K,Uniswap Skim() token balance attack,https://etherscan.io/tx/0x08b5f35076beb363a7206b8f9b4a6460f42aa9f998b561582fb4e4cdd6f05dce|https://bscscan.com/tx/0xa3c130ed8348919f73cbefce0f22d46fa381c8def93654e391ddc95553240c1e|https://etherscan.io/tx/0x5ffca249533f0fd12360b80a257245e4f7ea71bb79b3a8cc7700609e270145a1,,
2023.06.11,SellToken04,BSC,,109K,Price Manipulation,https://bscscan.com/tx/0x6dc47343352631501bb36f120f37d677be0c7ef890b01f56df8235dcfec29458,,
2023.06.06,VINU,ETH,,6K,Price Manipulation,https://etherscan.io/tx/0xaf46a42fe1ed7193b25c523723dc047c7500e50a00ecb7bbb822d665adb3e1f3,,
2023.05.29,NOON (NO),BSC ETH BSC,,2K,Wrong visibility in function,https://bscscan.com/tx/0x95f1806162b55c1d8bb3f96e8869c33fe111b2d6e13772602f2cb9536b39e3d7|https://app.blocksec.com/explorer/tx/eth/0x23fb7f093e827ed061aafb574cfd420eab879621c7f78cb341292e106a3a88c0|https://bscscan.com/tx/0xa2be65e439eb182e8f2acfe7eff9a4bab55eb3cd789dcc0ddd19bf811af78a93,,
2023.05.24,Local Trade LCT,BSC,,384BNB,Improper Access Control of Close-source contract,https://bscscan.com/tx/0x57b589f631f8ff20e2a89a649c4ec2e35be72eaecf155fdfde981c0fec2be5ba,,
2023.05.23,LFI Token,Polygon,,36K,Business Logic Flaw,https://polygonscan.com/tx/0xa0480d0f7c8d8bf898cadde954e773ddc3740f1ffa31cdd98fe4c5f5d8266243,,
2023.05.14,landNFT,BSC,,149616BUSD,Lack of permission control,https://bscscan.com/tx/0xe4db1550e3aa78a05e93bfd8fbe21b6eba5cce50dc06688949ab479ebed18048,,
2023.05.12,LW,BSC,,50K,FlashLoan Price Manipulation,https://bscscan.com/tx/0xd0dd0c8aa71860ff2d7fe6f9763892d936e31fb8c1aef01ec5ffbc947dbedbeb,,
2023.05.10,SNK,BSC,,197K,Reward Calculation Error,https://app.blocksec.com/explorer/tx/bsc/0x7394f2520ff4e913321dd78f67dd84483e396eb7a25cbb02e06fe875fc47013a,,
2023.05.09,MCC,ETH,,10ETH,Reflection token,https://etherscan.io/tx/0xf72f1d10fc6923f87279ce6c0aef46e372c6652a696f280b0465a301a92f2e26,,
2023.05.06,Melo,BSC,,90K,Access Control,https://bscscan.com/tx/0x3f1973fe56de5ecd59a815d3b14741cf48385903b0ccfe248f7f10c2765061f7,,
2023.05.05,DEI,Arbitrum,,5.4M,wrong implemention,https://arbiscan.io/tx/0xb1141785b7b94eb37c39c37f0272744c6e79ca1517529fec3f4af59d4c3c37ef,,
2023.05.03,NeverFall,BSC,,74K,Price Manipulation,https://bscscan.com/tx/0xccf513fa8a8ed762487a0dcfa54aa65c74285de1bc517bd68dbafa2813e4b7cb,,
2023.05.02,Level,BSC,,1M,Business Logic Flaw,https://bscscan.com/tx/0xe1f257041872c075cbe6a1212827bc346df3def6d01a07914e4006ec43027165,,
2023.04.18,0vix,Polygon,,2M,FlashLoan Price Manipulation,https://app.blocksec.com/explorer/tx/polygon/0x10f2c28f5d6cd8d7b56210b4d5e0cece27e45a30808cd3d3443c05d4275bb008,,
2023.04.12,MetaPoint,BSC,,820K,Unrestricted Approval,https://app.blocksec.com/explorer/tx/bsc/0xccd12f22629b2c42d2b680362dadbd1b3d89cb4a87a8c9b297766b4974c6ad34,,
2023.04.11,Paribus,Arbitrum,,100K,Reentrancy,https://app.blocksec.com/explorer/tx/arbitrum/0x0e29dcf4e9b211a811caf00fc8294024867bffe4ab2819cc1625d2e9d62390af,,
2023.04.09,SushiSwap,ETH,,3.3M,Unchecked User Input,https://etherscan.io/tx/0xea3480f1f1d1f0b32283f8f282ce16403fe22ede35c0b71a732193e56c5c45e8,,
2023.04.05,Sentiment,Arbitrum,,1M,Read-Only-Reentrancy,https://arbiscan.io/tx/0xa9ff2b587e2741575daf893864710a5cbb44bb64ccdc487a100fa20741e0f74d,,
2023.04.02,Allbridge,BSC BSC,,550K,FlashLoan price manipulation,https://bscscan.com/tx/0x7ff1364c3b3b296b411965339ed956da5d17058f3164425ce800d64f1aef8210|https://bscscan.com/tx/0x7ff1364c3b3b296b411965339ed956da5d17058f3164425ce800d64f1aef8210,,
2023.03.25,DBW,BSC BSC,,24K,Business Logic Flaw,https://bscscan.com/tx/0x3b472f87431a52082bae7d8524b4e0af3cf930a105646259e1249f2218525607|https://bscscan.com/tx/0x99bd500387e8135c15dc6c04fb3cb5d2d50ff8d142c2f1bd3d8eca21f805653d,,
2023.03.12,EulerFinance,ETH ETH,,200M,Business Logic Flaw,https://etherscan.io/tx/0xc310a0affe2169d1f6feec1c63dbc7f7c62a887fa48795d327d4d2da2d6b111d|https://app.blocksec.com/explorer/tx/eth/0xc310a0affe2169d1f6feec1c63dbc7f7c62a887fa48795d327d4d2da2d6b111d,,
2023.03.07,Phoenix,Polygon,,100K,Access Control & Arbitrary External Call,https://polygonscan.com/tx/0x6fa6374d43df083679cdab97149af8207cda2471620a06d3f28b115136b8e2c4,,
2023.02.27,LaunchZone,BSC,,320000,Access Control,https://bscscan.com/tx/0xaee8ef10ac816834cd7026ec34f35bdde568191fe2fa67724fcf2739e48c3cae,,
2023.02.24,EFVault,ETH,,5.1M,Storage Collision,https://etherscan.io/tx/0x1fe5a53405d00ce2f3e15b214c7486c69cbc5bf165cf9596e86f797f62e81914,,
2023.02.22,DYNA,BSC,,21K,Business Logic Flaw,https://bscscan.com/tx/0xc09678fec49c643a30fc8e4dec36d0507dae7e9123c270e1f073d335deab6cf0,,
2023.02.17,Starlink,BSC,,12K,Business Logic Flaw,https://bscscan.com/tx/0x146586f05a4513136deab3557ad15df8f77ffbcdbd0dd0724bc66dbeab98a962,,
2023.02.10,Sheep,BSC,,3K,Reflection token,https://app.blocksec.com/explorer/tx/bsc/0x61293c6dd5211a98f1a26c9f6821146e12fb5e20c850ad3ed2528195c8d4c98e,,
2023.02.07,CowSwap,ETH ETH,,120K,Arbitrary External Call Vulnerability,https://etherscan.io/tx/0x92f906bce94bab417cccc87ae046448d7fb8c2c0350b7ed911545577acb3bfc1|https://etherscan.io/tx/0x90b468608fbcc7faef46502b198471311baca3baab49242a4a85b73d4924379b,,
2023.02.06,FDP,BSC,,16WBNB,Reflection token,https://bscscan.com/tx/0x09925028ce5d6a54801d04ff8f39e79af6c24289e84b301ddcdb6adfa51e901b,,
2023.02.03,Spherax USDs,Arbitrum Arbitrum,,309K,Balance Recalculation Bug,https://arbiscan.io/tx/0xe74641b4b7e9c9eb7ab46082f322efbc510b8d39af609d934f41c41d7057fe49|https://arbiscan.io/tx/0xfaf84cabc3e1b0cf1ff1738dace1b2810f42d98baeea17b146ae032f0bdf82d5,,
2023.01.19,ThoreumFinance,BSC,,2000BNB,business logic flaw,https://bscscan.com/tx/0x3fe3a1883f0ae263a260f7d3e9b462468f4f83c2c88bb89d1dee5d7d24262b51,,
2023.01.18,UPSToken,ETH,,22ETH,business logic flaw,https://etherscan.io/tx/0x4b3df6e9c68ae482c71a02832f7f599ff58ff877ec05fed0abd95b31d2d7d912,,
2023.01.17,OmniEstate,BSC BSC,,70K,No Input Parameter Check,https://app.blocksec.com/explorer/tx/bsc/0x49bed801b9a9432728b1939951acaa8f2e874453d39c7d881a62c2c157aa7613|https://app.blocksec.com/explorer/tx/bsc/0xa916674fb8203fac6d78f5f9afc604be468a514aa61ea36c6d6ef26ecfbd0e97,,
2023.01.16,MidasCapital,Polygon,,650K,Read-only Reentrancy,https://polygonscan.com/tx/0x0053490215baf541362fc78be0de98e3147f40223238d5b12512b3e26c0a2c2f,,
2023.01.11,RoeFinance,ETH,,80K,FlashLoan price manipulation,https://app.blocksec.com/explorer/tx/eth/0x927b784148b60d5233e57287671cdf67d38e3e69e5b6d0ecacc7c1aeaa98985b,,
2023.01.03,GDS,BSC BSC,,180K,Business Logic Flaw,https://bscscan.com/tx/0x2bb704e0d158594f7373ec6e53dc9da6c6639f269207da8dab883fc3b5bf6694|https://app.blocksec.com/explorer/tx/bsc/0x2bb704e0d158594f7373ec6e53dc9da6c6639f269207da8dab883fc3b5bf6694,,
2022.12.29,JAY,ETH,,41k,Reentrancy,https://app.blocksec.com/explorer/tx/eth/0xd4fafa1261f6e4f9c8543228a67caf9d02811e4ad3058a2714323964a8db61f6,,
2022.12.25,Rubic,ETH ETH,,3m,Arbitrary Call,https://app.blocksec.com/explorer/tx/eth/0x9a97d85642f956ad7a6b852cf7bed6f9669e2c2815f3279855acf7f1328e7d46|https://app.blocksec.com/explorer/tx/eth/0x30679e7b6b410fb78368f5fb6e4c203e44d81c66ae9014c797e40856be1bbe66,,
2022.12.23,Defrost,Avalanche,,173k,Reentrancy,https://snowtrace.io/tx/0xc6fb8217e45870a93c25e2098f54f6e3b24674a3083c30664867de474bf0212d,,
2022.12.14,Nmbplatform,BSC,,76k,FlashLoan price manipulation,https://app.blocksec.com/explorer/tx/bsc/0x7d2d8d2cda2d81529e0e0af90c4bfb39b6e74fa363c60b031d719dd9d153b012,,
2022.12.14,FPR,BSC,,29k,Access Control,https://bscscan.com/tx/0x1f8e814029a073c52a8668e6ff5bb3264445a8b29886cc9e3ca8ed5f89ccacd3,,
2022.12.13,ElasticSwap,Avalanche,,845k,Business Logic Flaw,https://snowtrace.io/tx/0x782b2410fcc9449ead554a81f78184b6f9cca89f07ea346bc50cf11887cd9b18,,
2022.12.12,BGLD (Deflationary token),BSC,,18k,FlashLoan price manipulation,https://app.blocksec.com/explorer/tx/bsc/0xea108fe94bfc9a71bb3e4dee4a1b0fd47572e6ad6aba8b2155ac44861be628ae,,
2022.12.11,Lodestar,Arbitrum,,4m,FlashLoan price manipulation,https://arbiscan.io/tx/0xc523c6307b025ebd9aef155ba792d1ba18d5d83f97c7a846f267d3d9a3004e8c,,
2022.12.10,MU&MUG,Avalanche,,57k,FlashLoan price manipulation,https://snowtrace.io/tx/0xab39a17cdc200c812ecbb05aead6e6f574712170eafbd73736b053b168555680,,
2022.12.10,TIFIToken,BSC,,51k,FlashLoan price manipulation,https://bscscan.com/tx/0x1c5272ce35338c57c6b9ea710a09766a17bbf14b61438940c3072ed49bfec402,,
2022.12.7,AES (Deflationary token),BSC BSC,,60k,Business Logic Flaw & FlashLoan price,https://app.blocksec.com/explorer/tx/bsc/0xca4d0d24aa448329b7d4eb81be653224a59e7b081fc7a1c9aad59c5a38d0ae19|https://bscscan.com/tx/0x52deb26eda0f8b3b56a3588a9f63d9bda872f507bf782a3e9dfdb7bae969ab7d,,
2022.12.5,RFB,BSC,,6k,Predicting Random Numbers,https://app.blocksec.com/explorer/tx/bsc/0xcc8fdb3c6af8bb9dfd87e913b743a13bbf138a143c27e0f387037887d28e3c7a,,
2022.12.5,BBOX,BSC,,12k,FlashLoan price manipulation,https://app.blocksec.com/explorer/tx/bsc/0xcc8fdb3c6af8bb9dfd87e913b743a13bbf138a143c27e0f387037887d28e3c7a,,
2022.12.2,OverNight,Avalanche,,170k,FlashLoan Attack,https://snowtrace.io/tx/0xf10807f9a675dd2db9a45e39f37c68a4116006f9a40e97a68c145e3859557809,,
2022.12.1,APC,BSC,,6k,FlashLoan & price manipulation,https://app.blocksec.com/explorer/tx/bsc/0xf2d4559aeb945fb8e4304da5320ce6a2a96415aa70286715c9fcaf5dbd9d7ed2,,
2022.11.29,MBC & ZZSH,BSC,,5.9k,Business Logic Flaw & Access Control,https://bscscan.com/tx/0xdc53a6b5bf8e2962cf0e0eada6451f10956f4c0845a3ce134ddb050365f15c86,,
2022.11.29,SEAMAN,BSC,,7k,Business Logic Flaw,https://bscscan.com/tx/0x6f1af27d08b10caa7e96ec3d580bf39e29fd5ece00abda7d8955715403bf34a8,,
2022.11.23,NUM,ETH,,13k,Protocol Token incompatible,https://app.blocksec.com/explorer/tx/eth/0x8a8145ab28b5d2a2e61d74c02c12350731f479b3175893de2014124f998bff32,,
2022.11.22,AUR,BSC,,13k,Lack of Permission Check,https://bscscan.com/tx/0x7f031e8543e75bd5c85168558be89d2e08b7c02a32d07d76517cdbb10e279782,,
2022.11.21,sDAO,BSC BSC,,13k,Business Logic Flaw,https://bscscan.com/tx/0xb3ac111d294ea9dedfd99349304a9606df0b572d05da8cedf47ba169d10791ed|https://bscscan.com/tx/0xb3ac111d294ea9dedfd99349304a9606df0b572d05da8cedf47ba169d10791ed,,
2022.11.19,AnnexFinance,BSC,,3k,Verify flashLoan Callback,https://bscscan.com/tx/0x3757d177482171dcfad7066c5e88d6f0f0fe74b28f32e41dd77137cad859c777,,
2022.11.17,UEarnPool,BSC,,24k,FlashLoan Attack,https://app.blocksec.com/explorer/tx/bsc/0xb83f9165952697f27b1c7f932bcece5dfa6f0d2f9f3c3be2bb325815bfd834ec,,
2022.11.16,SheepFarm,BSC,,0.8k,No input validation,https://bscscan.com/tx/0x5735026e5de6d1968ab5baef0cc436cc0a3f4de4ab735335c5b1bd31fa60c582,https://app.blocksec.com/explorer/tx/bsc/0x8b3e0e3ea04829f941ca24c85032c3b4aeb1f8b1b278262901c2c5847dc72f1c,,
2022.11.10,DFXFinance,ETH,,4m,Reentrancy,https://etherscan.io/tx/0x6bfd9e286e37061ed279e4f139fbc03c8bd707a2cdd15f7260549052cbba79b7,,
2022.11.8,Kashi,ETH,,110k,Price-caching Design Defect,https://etherscan.io/tx/0x7a845d8d2af7919f5b9e22dd5571305cb5347d17986a8402715c1463d515fc18,,
2022.11.7,MooCAKECTX,BSC,,140k,FlashLoan Attack,https://bscscan.com/tx/0x03d363462519029cf9a544d44046cad0c7e64c5fb1f2adf5dd5438a9a0d2ec8e,,
2022.11.5,BDEX,BSC,,9k,Business Logic Flaw,https://bscscan.com/tx/0xe7b7c974e51d8bca3617f927f86bf907a25991fe654f457991cbf656b190fe94,,
2022.10.27,VTF Token,BSC BSC,,50k,Incorrect Reward calculation,https://app.blocksec.com/explorer/tx/bsc/0xeeaf7e9662a7488ea724223c5156e209b630cdc21c961b85868fe45b64d9b086|https://bscscan.com/tx/0xeeaf7e9662a7488ea724223c5156e209b630cdc21c961b85868fe45b64d9b086,,
2022.10.27,Team Finance,ETH ETH,,15.8m,Liquidity Migration Exploit,https://etherscan.io/tx/0xb2e3ea72d353da43a2ac9a8f1670fd16463ab370e563b9b5b26119b2601277ce|https://etherscan.io/tx/0xb2e3ea72d353da43a2ac9a8f1670fd16463ab370e563b9b5b26119b2601277ce,,
2022.10.26,N00d Token,ETH,,29k,Reentrancy,https://app.blocksec.com/explorer/tx/eth/0x8037b3dc0bf9d5d396c10506824096afb8125ea96ada011d35faa89fa3893aea,,
2022.10.24,Market,Polygon,,220k,Read-only Reentrancy,https://polygonscan.com/tx/0xb8efe839da0c89daa763f39f30577dc21937ae351c6f99336a0017e63d387558,,
2022.10.21,OlympusDAO,ETH,,292K,No input validation,https://etherscan.io/tx/0x3ed75df83d907412af874b7998d911fdf990704da87c2b1a8cf95ca5d21504cf,,
2022.10.20,HEALTH,BSC,,8k,Transfer Logic Flaw,https://app.blocksec.com/explorer/tx/bsc/0xae8ca9dc8258ae32899fe641985739c3fa53ab1f603973ac74b424e165c66ccf,,
2022.10.20,BEGO,BSC,,6k,Incorrect signature verification,https://bscscan.com/tx/0x2673936a1191a35c24b60dd697644c953da321b4395b836439faa319b8335886,,
2022.10.18,HPAY,BSC,,63k,Access Control,https://bscscan.com/tx/0x8385625e9d8011f4ad5d023d64dc7985f0315b6a4be37424c7212fe4c10dafe0,,
2022.10.17,Uerii Token,ETH,,2.4k,Access Control,https://etherscan.io/tx/0xf4a3d0e01bbca6c114954d4a49503fc94dfdbc864bded5530b51a207640d86b5,,
2022.10.14,EFLeverVault,ETH,,1m,Verify flashLoan Callback,https://etherscan.io/tx/0x160c5950a01b88953648ba90ec0a29b0c5383e055d35a7835d905c53a3dda01e,,
2022.10.14,MEVBOTa47b,ETH,,3m,MEVBOT a47b,https://etherscan.io/tx/0x35ecf595864400696853c53edf3e3d60096639b6071cadea6076c9c6ceb921c1,,
2022.10.12,ATK,BSC,,127k,FlashLoan manipulate,https://app.blocksec.com/explorer/tx/bsc/0x601b8ab0c1d51e71796a0df5453ca671ae23de3d5ec9ffd87b9c378504f99c32,,
2022.10.11,Templedao,ETH,,2.3m,Insufficient access control,https://etherscan.io/tx/0x8c3f442fc6d640a6ff3ea0b12be64f1d4609ea94edd2966f42c01cd9bdcf04b5,,
2022.10.10,Carrot,BSC,,31k,Public functionCall,https://bscscan.com/tx/0xa624660c29ee97f3f4ebd36232d8199e7c97533c9db711fa4027994aa11e01b9,,
2022.10.9,Xave Finance,ETH,,3m,Malicious Proposal Mint & Transfer Ownership,https://etherscan.io/tx/0xc18ec2eb7d41638d9982281e766945d0428aaeda6211b4ccb6626ea7cff31f4a,,
2022.10.6,Token,BSC,,,pair manipulate,https://bscscan.com/tx/0xe59fa48212c4ee716c03e648e04f0ca390f4a4fc921a890fded0e01afa4ba96d,,
2022.10.2,Transit Swap,BSC,,21m,Incorrect owner address validation,https://bscscan.com/tx/0x181a7882aac0eab1036eedba25bc95a16e10f61b5df2e99d240a16c334b9b189,,
2022.10.1,BabySwap,BSC,,,Parameter Access Control,https://app.blocksec.com/explorer/tx/bsc/0xcca7ea9d48e00e7e32e5d005b57ec3cac28bc3ad0181e4ca208832e62aa52efe,,
2022.10.1,Thunder Brawl,BSC,,,Reentrancy,https://bscscan.com/tx/0x57aa9c85e03eb25ac5d94f15f22b3ba3ab2ef60b603b97ae76f855072ea9e3a0,,
2022.9.28,BXH,BSC,,40k,Flashloan & Price Oracle Manipulation,https://bscscan.com/tx/0xa13c8c7a0c97093dba3096c88044273c29cebeee109e23622cd412dcca8f50f4,,
2022.9.28,MEVBOT,ETH,,1m,Badc0de,https://etherscan.io/tx/0x59ddcf5ee5c687af2cbf291c3ac63bf28316a8ecbb621d9f62d07fa8a5b8ef4e,,
2022.9.23,RADT-DAO,BSC,,94k,pair manipulate,https://bscscan.com/tx/0xd692f71de2768017390395db815d34033013136c378177c05d0d46ef3b6f0897,,
2022.9.13,MevBot,BSC,,140 K,private tx,https://bscscan.com/tx/0xd48758ef48d113b78a09f7b8c7cd663ad79e9965852e872fdfc92234c3e598d2,,
2022.9.8,YYDS,BSC,,742k,pair manipulate,https://bscscan.com/tx/0x04a1f0d1694242515ecb14faa71053901f11a1286cd21c27fe5542f9eeb62356,,
2022.9.8,Ragnarok Online Invasion,BSC,,44k,Broken Access Control,https://app.blocksec.com/explorer/tx/bsc/0x0e14cb7eabeeb2a819c52f313c986a877c1fa19824e899d1b91875c11ba053b0,,
2022.9.8,NewFreeDAO,BSC,,1m,Flashloans Attack,https://bscscan.com/tx/0x1fea385acf7ff046d928d4041db017e1d7ead66727ce7aacb3296b9d485d4a26,,
2022.9.6,NXUSD,Avalanche,,50k,flashloan price oracle manipulation,https://snowtrace.io/tx/0x0ab12913f9232b27b0664cd2d50e482ad6aa896aeb811b53081712f42d54c026,,
2022.9.5,ZoomproFinance,BSC,,61k,Flashloans & Price Manipulation,https://bscscan.com/tx/0xe176bd9cfefd40dc03508e91d856bd1fe72ffc1e9260cd63502db68962b4de1a,,
2022.9.2,ShadowFi,BSC,,602k,Access Control,https://bscscan.com/tx/0xe30dc75253eecec3377e03c532aa41bae1c26909bc8618f21fb83d4330a01018,,
2022.9.2,Bad Guys by RPF,ETH,,,Business Logic Flaw : Missing Check For Number of NFT to Mint,https://etherscan.io/tx/0x27e64a8215ae1528245c912bcca09883fdd7cce69249bd5d5d1c0eecf5297b96,,
2022.8.24,LuckyTiger NFT,ETH,,,Predicting Random Numbers,https://etherscan.io/tx/0x804ff3801542bff435a5d733f4d8a93a535d73d0de0f843fd979756a7eab26af,,
2022.8.16,Circle,ETH,,151k,Price Manipulation,https://app.blocksec.com/explorer/tx/eth/0xf1818f62c635e5c80ef16b7857da812c74ce330ebed46682b4d173bffe84c666,,
2022.8.13,Circle,ETH,,50k,Price Manipulation,https://app.blocksec.com/explorer/tx/eth/0xa4e650772f6e6b7ecc0964fe4c3854850669d1467570a2fa2b6edfa0f112c4b7,,
2022.8.7,EGD Finance,BSC,,36k,Flashloans & Price Manipulation,https://app.blocksec.com/explorer/tx/bsc/0x50da0b1b6e34bce59769157df769eb45fa11efc7d0e292900d6b0a86ae66a2b3,,
2022.8.3,Qixi,BSC,,3k,Underflow,https://bscscan.com/tx/0x16be4fe1c8fcab578fcb999cbc40885ba0d4ba9f3782a67bd215fb56dc579062,,
2022.8.2,Nomad Bridge,Moonbeam ETH,,152m,Business Logic Flaw : Incorrect acceptable merkle-root,https://moonscan.io/tx/0xcca9299c739a1b538150af007a34aba516b6dade1965e80198be021e3166fe4c|https://etherscan.io/tx/0xa5fe9d044e4f3e5aa5bc4c0709333cd2190cba0f4e7f16bcf73f49f83e4a5460,,
2022.8.1,Reaper Farm,FTM,,1m,Business Logic Flaw : Lack of access control mechanism,https://ftmscan.com/tx/0xc929f3b9312ff26be0adb1c3ff832dbdafdcbcaad33d002744effd515e53c9d5,,
2022.7.23,Audius,ETH,,1m,Storage Collision & Malicious Proposal,https://etherscan.io/tx/0x4227bca8ed4b8915c7eec0e14ad3748a88c4371d4176e716e8007249b9980dc9,,
2022.7.13,SpaceGodzilla,BSC,,25k,Flashloans & Price Manipulation,https://bscscan.com/tx/0x7f183df11f1a0225b5eb5bb2296b5dc51c0f3570e8cc15f0754de8e6f8b4cca4,,
2022.7.10,Omni NFT,ETH,,1m,Reentrancy,https://etherscan.io/tx/0x05d65e0adddc5d9ccfe6cd65be4a7899ebcb6e5ec7a39787971bcc3d6ba73996,,
2022.7.6,FlippazOne NFT,ETH,,,Accesscontrol,https://etherscan.io/tx/0x8bded20c1db5a1d5f595b15e682a95ce11d3c895d6031147fa49c4ffa5729a30,,
2022.7.1,Quixotic,ETH,,100k,Optimism NFT Marketplace,https://optimistic.etherscan.io/tx/0x5dc519726e1236eb846271f6699e03cdd1a8fd593a2900c71cd2aabbdb7c92e6,,
2024.4.1,ATM,BSC,,182k,business logic flaw,https://bscscan.com/tx/0xee10553c26742bec9a4761fd717642d19012bab1704cbced048425070ee21a8a,,
2024.3.29,ETHFIN,BSC,,1k,Price Manipulation,https://app.blocksec.com/explorer/tx/bsc/0xfe031685d84f3bae1785f5b2bd0ed480b87815c3f23ce6ced73b8573b7e367c6,,
2024.3.29,PrismaFi,ETH,,11m,Insufficient Validation,https://app.blocksec.com/explorer/tx/eth/0x00c503b595946bccaea3d58025b5f9b3726177bbdc9674e634244135282116c7,,
2024.3.28,LavaLending,arbitrum,,340K,Business Logic Flaw,https://app.blocksec.com/explorer/tx/arbitrum/0xcb1a2f5eeb1a767ea5ccbc3665351fadc1af135d12a38c504f8f6eb997e9e603,,
2024.3.25,ZongZi,BSC,,223K,Price Manipulation,https://bscscan.com/tx/0x247f4b3dbde9d8ab95c9766588d80f8dae835129225775ebd05a6dd2c69cd79f,,
2024.3.21,SSS,Blast,,4m,Token Balance Doubles on Transfer to self,https://blastscan.io/tx/0x80012bf784b83baaf28f5549a9f233cae5f70be7afcd8f594dc757d431ed93c4,,
2024.3.24,ARK,BSC,,3k,business logic flaw,https://app.blocksec.com/explorer/tx/bsc/0xe8b0131fa14d0a96327f6b5690159ffa7650d66376db87366ba78d91f17cd677,,
2024.3.20,Paraswap,ETH,,24k,Incorrect Access Control,https://etherscan.io/tx/0x35a73969f582872c25c96c48d8bb31c23eab8a49c19282c67509b96186734e60,,
2024.3.14,MO ,Optimism,,413k,business logic flaw,https://optimistic.etherscan.io/tx/0x4ec3061724ca9f0b8d400866dd83b92647ad8c943a1c0ae9ae6c9bd1ef789417,,
2024.3.13,IT,BSC,,13k,business logic flaw,https://bscscan.com/tx/0xb33057f57ce451aa8cbb65508d298fe3c627509cc64a394736dace2671b6dcfa,,
2024.3.12,BBT,ETH,,2k,business logic flaw,https://etherscan.io/tx/0x4019890fe5a5bd527cd3b9f7ee6d94e55b331709b703317860d028745e33a8ca,,
2024.3.11,Binemon,BSC,,1k,precission-loss,https://app.blocksec.com/explorer/tx/bsc/0x1999bb5c11a8d8bfa7620fc5cc37f5bc59c1a99d7a9250a8d6076c93bbdbeb5f,,
2024.3.9,Juice,ETH,,98k,Business Logic Flaw,https://etherscan.io/tx/0xc9b2cbc1437bbcd8c328b6d7cdbdae33d7d2a9ef07eca18b4922aac0430991e7,,
2024.3.6,ALP,BSC,,10K,Public internal function,https://bscscan.com/tx/0x9983ca8eaee9ee69629f74537eaf031272af75f1e5a7725911d8b06df17c67ca,,
2024.2.28,Seneca,ETH,,6M,Arbitrary External Call Vulnerability,https://app.blocksec.com/explorer/tx/eth/0x9f3712672be7a120757d42fbe15ceefe9578914946bacbd0f3531e7fb7305576,,
2024.2.28,SMOOFSStaking,Polygon,,,Reentrancy,https://polygonscan.com/tx/0xde51af983193b1be3844934b2937a76c19610ddefcdd3ffcf127db3e68749a50,,
2024.2.22,SwarmMarkets,ETH,,7k,lack of validation,https://app.blocksec.com/explorer/tx/eth/0xa4d7ee2ddb9db06961a17e2a5ae71743a266bcb720be138670f4a10e8dfc13e9,,
2024.2.21,DeezNutz 404,ETH,,,lack of validation,https://etherscan.io/tx/0xbeefd8faba2aa82704afe821fd41b670319203dd9090f7af8affdf6bcfec2d61,,
2024.2.21,GAIN,ETH,,11k,bad function implementation,https://app.blocksec.com/explorer/tx/eth/0x7acc896b8d82874c67127ff3359d7437a15fdb4229ed83da00da1f4d8370764e,,
2024.2.15,Babyloogn,BSC,,2k,reentrancy,https://app.blocksec.com/explorer/tx/bsc/0xd081d6bb96326be5305a6c00dd51d1799971794941576554341738abc1ceb202,,
2024.2.13,MINER,BSC,,,Price Manipulation,https://app.blocksec.com/explorer/tx/bsc/0x15ab671c9bf918fa4b6a9eed9ccb527f32aca40e926ede2aec2c84dfa9c30512,,
2024.2.11,Game,ETH,,37k,Reentrancy && Business Logic Flaw,https://etherscan.io/tx/0x0eb8f8d148508e752d9643ccf49ac4cb0c21cbad346b5bbcf2d06974d31bd5c4,,
2024.2.8,Pandora,ETH,,17K,interger underflow,https://app.blocksec.com/explorer/tx/eth/0x7c5a909b45014e35ddb89697f6be38d08eff30e7c3d3d553033a6efc3b444fdd,,
2024.2.5,BurnsDefi,BSC,,67K,Price Manipulation,https://app.blocksec.com/explorer/tx/bsc/0x1d0af3a963682748493f21bf9e955ce3a950bee5817401bf2486db7a0af104b4,,
2024.2.2,ADC ,BSC,,37k,incorrect-access-control,https://etherscan.io/tx/0xcf834aff4de9992f5da9c443600dad9c6277a8a00de5007842fece51564992db,,
2024.1.29,PeapodsFinance_exp,ETH,,1k,Reentrancy,https://app.blocksec.com/explorer/tx/eth/0x95c1604789c93f41940a7fd9eca11276975a9a65d250b89a247736287dbd2b7e,,
2024.1.22,DAO_SoulMate,ETH,,319K,Incorrect Access Control,https://etherscan.io/tx/0x1ea0a2e88efceccb2dd93e6e5cb89e5421666caeefb1e6fc41b68168373da342,,
2024.1.15,Shell_MEV_0xa898,BSC,,1k,loss of precision,https://app.blocksec.com/explorer/tx/bsc/0x24f114c0ef65d39e0988d164e052ce8052fe4a4fd303399a8c1bb855e8da01e9,,
2024.1.10,Freedom,BSC,,,Loss of Precision,https://app.blocksec.com/explorer/tx/bsc/0x309523343cc1bb9d28b960ebf83175fac941b4a590830caccff44263d9a80ff0,,
2024.1.2,MIC,BSC,,500K,Business Logic Flaw,https://bscscan.com/tx/0x316c35d483b72700e6f4984650d217304146b3732bb148e32fa7f8017843eb24,,
2024.1.1,OrbitChain,ETH ETH ETH ETH,,81M,Incorrect input validation,https://etherscan.io/tx/0x958aeec58ea2f0f9700adda24e43fb76f9e052e4c20773f180c49d7529d95f16|https://etherscan.io/tx/0xe0bada18fdc56dec125c31b1636490f85ba66016318060a066ed7050ff7271f9|https://etherscan.io/tx/0x64a6f486c20671e1389b3c7948d46733325c407245a86bf510cb69ef401a3f0e|https://etherscan.io/tx/0x639d27e564214411ad8eb06cf00d85cd90f83503a53ab5bf35dd5c6e1148ae0a,,
20240816,Zenterest,ETH,,21000USD,"Price Out Of Date",https://app.blocksec.com/explorer/tx/eth/0xfe8bc757d87e97a5471378c90d390df47e1b29bb9fca918b94acd8ecfaadc598,,
20240814,NoName,ETH,,5k,Arbitrary Call,https://app.blocksec.com/explorer/tx/eth/0x54f659773dae6e01f83184d4b6d717c7f1bb71c0aa59e8c8f4a57c25271424b3,,
20240812,iVest,BSC,,338WBNB,Business logic flaw,https://bscscan.com/tx/0x12f27e81e54684146ec50973ea94881c535887c2e2f30911b3402a55d67d121d,,
20240806,Novax,BSC,,25k USD,Price Manipulation,https://bscscan.com/tx/0xb1ad1188d620746e2e64785307a7aacf2e8dbda4a33061a4f2fbc9721048e012,,
20240801,Convergence,BSC,,200k USD,Incorrect input validation,https://etherscan.io/tx/0x636be30e58acce0629b2bf975b5c3133840cd7d41ffc3b903720c528f01c65d9,,
20240724,Spectra_finance,ETH,,73k USD,Incorrect input validation,https://app.blocksec.com/explorer/tx/eth/0x491cf8b2a5753fdbf3096b42e0a16bc109b957dc112d6537b1ed306e483d0744,,
20240714,Minterest,Mantle,,427ETH,Reentrancy,https://mantlescan.xyz/tx/0xb3c4c313a8d3e2843c9e6e313b199d7339211cdc70c2eca9f4d88b1e155fd6bd,,
20240711,SBT,BSC,,56k USD,business logic flaw,https://bscscan.com/tx/0x9a8c4c4edb7a76ecfa935780124c409f83a08d15c560bb67302182f8969be20d,,
20240708,LW,BSC,,7k USD,Integer Underflow,https://app.blocksec.com/explorer/tx/bsc/0x96a955304fed48a8fbfb1396ec7658e7dc42b7c140298b80ce4206df34f40e8d,,
20240705,DeFiPlaza,ETH,,200k USD,loss of precision,https://app.blocksec.com/explorer/tx/eth/0xa245deda8553c6e4c575baff9b50ef35abf4c8f990f8f36897696f896f240e3a,,
20240702,MRP,BSC,,17BNB,Reentrancy,https://app.blocksec.com/explorer/tx/bsc/0x4353a6d37e95a0844f511f0ea9300ef3081130b24f0cf7a4bd1cae26ec393101,,
20240628,Will,BSC,,52k,business logic flaw,https://app.blocksec.com/explorer/tx/bsc/0xc12ccc3bdaf3f0ec1efa09d089a0c1dbad05519e1eb0fa6475ffcc6317cbde4d,,
20240617,Dyson_money,BSC BSC,,52BNB,business logic flaw,https://app.blocksec.com/explorer/tx/bsc/0xdcaedeeaa228b7e9f86ade270cde9af9fd99395e90f9bb71f9c5ac60b703d649|https://app.blocksec.com/explorer/tx/bsc/0x813b5af69a490becf9c19c19a19e0fa9ec53f086a90ed3ce7d1a0b3786e5f6bf,,
20240611,JokInTheBox,ETH,,9.2ETH,business logic flaw,https://app.blocksec.com/explorer/tx/eth/0xe8277ef6ba8611bd12dc5a6e7ca4b984423bc0b3828159f83b466fdcf4fe054f,,
20240610,Bazaar,Blast,,1.4m,Insufficient Permission Check,https://blastscan.io/tx/0x7fdd140f7631f62d62f7256ee4a38af51a4723ad5d66adc9b9685bf78f750f2d,,
20240608,YYStoken,BSC,,28k,Business Logic Flaw,https://app.blocksec.com/explorer/tx/bsc/0x397a09af6494c0bfcd89e010f5dd65d90f3ee1cf1ff813ce5b0c1d42a1c8dec9,,
20240606,MineSTM,BSC,,13.8K,Business Logic Flaw,https://app.blocksec.com/explorer/tx/bsc/0x849ed7f687cc2ebd1f7c4bed0849893e829a74f512b7f4a18aea39a3ef4d83b1,,
20240529,SCROLL,ETH,,76ETH,Integer Underflow,https://app.blocksec.com/explorer/tx/eth/0x661505c39efe1174da44e0548158db95e8e71ce867d5b7190b9eabc9f314fe91,,
20240528,Tradeonorion,BSC,,645K,Business Logic Flaw,https://bscscan.com/tx/0x660837a1640dd9cc0561ab7ff6c85325edebfa17d8b11a3bb94457ba6dcae18c,,
20240522,Burner,ETH,,1.7ETH,sandwich ack,https://app.blocksec.com/explorer/tx/eth/0x3bba4fb6de00dd38df3ad68e51c19fe575a95a296e0632028f101c5199b6f714,,
20240512,TGC,BSC,,32k,Business Logic Flaw,https://bscscan.com/tx/0x12e8c24dec36a29fdd9b9d7a8b587b3abd2519089b6438c194e6e5eb357b68d8,,
20240507,SATURN,BSC,,15BNB,Price Manipulation,https://bscscan.com/tx/0x948132f219c0a1adbffbee5d9dc63bec676dd69341a6eca23790632cb9475312,,
20240430,PikeFinance,ETH,,1.4m,Uninitialized Proxy,https://app.blocksec.com/explorer/tx/eth/0xe2912b8bf34d561983f2ae95f34e33ecc7792a2905a3e317fcc98052bce66431,,
20240417,UnverifiedContr_0x00C409,ETH,,18ETH,unverified external call,https://etherscan.io/tx/0x998f1da472d927e74405b0aa1bbf5c1dbc50d74b39977bed3307ea2ada1f1d3f,,
20240416,SATX,BSC,,50BNB,Logic Flaw,https://bscscan.com/tx/0x7e02ee7242a672fb84458d12198fae4122d7029ba64f3673e7800d811a8de93f,,
20240415,GFA,BSC,,14k USD,business-logic-flaw,https://bscscan.com/tx/0xe15d6f7fa891c2626819209edf2d5ded6948310eaada067b400062aa022ce718,,
20240414,Hackathon,BSC,,20k,business logic flaw,https://bscscan.com/tx/0xea181f730886ece947e255ab508f5af1d0f569fee3368b651d5dbb28549087b5,,
20240412,SumerMoney,Base,,350k,Reentrancy,https://app.blocksec.com/explorer/tx/base/0x619c44af9fedb8f5feea2dcae1da94b6d7e5e0e7f4f4a99352b6c4f5e43a4661,,
20240412,GROKD,BSC BSC,,150BNB,lack of access control,https://app.blocksec.com/explorer/tx/bsc/0x383dbb44a91687b2b9bbd8b6779957a198d114f24af662776f384569b84fc549|https://app.blocksec.com/explorer/tx/bsc/0x8293946b5c88c4a21250ca6dc93c6d1a695fb5d067bb2d4aed0a11bd5af1fb32,,
20240410,BigBangSwap,BSC,,5K $BUSD,precission loss,https://bscscan.com/tx/0x94055664287a565d4867a97ba6d5d2e28c55d10846e3f83355ba84bd1b9280fc,,
20240409,UPS,BSC,,28k USD,business logic flaw,https://app.blocksec.com/explorer/tx/bsc/0xd03702e17171a32464ce748b8797008d59e2dbcecd3b3847d5138414566c886d,,
20240408,SQUID,BSC,,87k USD,sandwich attack,https://bscscan.com/tx/0x9fcf38d0af4dd08f4d60f7658b623e35664e74bca0eaebdb0c3b9a6965d6257b,,
20220618,SNOOD,ETH,,104ETH,Miscalculation on _spendAllowance,https://etherscan.io/tx/0x9a6227ef97d7ce75732645bd604ef128bb5dfbc1bfbe0966ad1cd2870d45a20e,,
20220616,InverseFinance,ETH,,"53.2445 WBTC and 99,976.29 USDT",Flashloan & Price Oracle Manipulation,https://etherscan.io/tx/0x958236266991bc3fe3b77feaacea120f172c0708ad01c7a715b255f218f9313c,,
20220608,"Optimism",ETH ETH,,20 million Optimism (OP) tokens returned 17 million of them,Wintermute,https://optimistic.etherscan.io/tx/0x75a42f240d229518979199f56cd7c82e4fc1f1a20ad9a4864c635354b4a34261|https://optimistic.etherscan.io/tx/0x00a3da68f0f6a69cb067f09c3f7e741a01636cbc27a84c603b468f65271d415b,,
20220606,Discover,BSC BSC,,49BNB,Flashloan & Price Oracle Manipulation,https://bscscan.com/tx/0x8a33a1f8c7af372a9c81ede9e442114f0aabb537e5c3a22c0fd7231c4820f1e9|https://bscscan.com/tx/0x1dd4989052f69cd388f4dfbeb1690a3f3a323ebb73df816e5ef2466dc98fa4a4,,
20220529,NOVO Protocol,BSC,,279BNB,Flashloan & Price Oracle Manipulation,https://bscscan.com/tx/0xc346adf14e5082e6df5aeae650f3d7f606d7e08247c2b856510766b4dfcdc57f,,
20220517,"ApeCoin (APE)",ETH,,1.1m,Flashloan,https://etherscan.io/tx/0xeb8c3bebed11e2e4fcd30cbfc2fb3c55c4ca166003c7f7d319e78eaab9747098,,
20220430,Rari Capital/Fei Protocol,ETH,,80m,Flashloan Attack + Reentrancy,https://etherscan.io/tx/0xab486012f21be741c9e674ffda227e30518e8a1e37a5f1d58d0b0d41f6e76530,,
20220428,DEUS DAO,FTM,,13m,Flashloan & Price Oracle Manipulation,https://ftmscan.com/tx/0xe374495036fac18aa5b1a497a17e70f256c4d3d416dd1408c026f3f5c70a3a9c,,
20220424,Wiener DOGE,,,78BNB,Flashloan,https://bscscan.com/tx/0x4f2005e3815c15d1a9abd8588dd1464769a00414a6b7adcbfd75a5331d378e1d,,
20220421,Zeed Finance,BSC,,1m,,https://bscscan.com/tx/0x0507476234193a9a5c7ae2c47e4c4b833a7c3923cefc6fd7667b72f3ca3fa83a,,
20220416,BeanstalkFarms,ETH ETH,,182m,DAO + Flashloan,https://etherscan.io/tx/0x68cdec0ac76454c3b0f7af0b8a3895db00adf6daaf3b50a99716858c4fa54c6f|https://etherscan.io/tx/0xcd314668aaa9bbfebaf1a0bd2b6553d01dd58899c508d4729fa7311dc5d33ad7,,
20220415,Rikkei Finance,BSC,,1.1m,Access control & Price Oracle Manipulation,https://bscscan.com/tx/0x93a9b022df260f1953420cd3e18789e7d1e095459e36fe2eb534918ed1687492,,
20220412,ElephantMoney,BSC,,11.2m,Flashloan & Price Oracle Manipulation,https://bscscan.com/tx/0xec317deb2f3efdc1dbf7ed5d3902cdf2c33ae512151646383a8cf8cbcd3d4577,,
20220411,Creat Future,BSC,,1.9m,,https://bscscan.com/tx/0xc7647406542f8f2473a06fea142d223022370aa5722c044c2b7ea030b8965dd0,,
20220409,GYMNetwork,BSC,,1327WBNB,Flashloan + token migrate flaw,https://bscscan.com/tx/0xa5b0246f2f8d238bb56c0ddb500b04bbe0c30db650e06a41e00b6a0fff11a7e5,,
20220329,Ronin Network,ETH ETH,,624m,Bridge,https://etherscan.io/tx/0xed2c72ef1a552ddaec6dd1f5cddf0b59a8f37f82bdda5257d9c7c37db7bb9b08|https://etherscan.io/tx/0xc28fad5e8d5e0ce6a2eaf67b6687be5d58113e16be590824d6cfa1a94467d0b7,,
20220327,Revest Finance,ETH,,11.2m,Reentrancy,https://etherscan.io/tx/0xe0b0c2672b760bef4e2851e91c69c8c0ad135c6987bbf1f43f5846d89e691428,,
20220326,Auctus,ETH,,726k,,https://etherscan.io/tx/0x2e7d7e7a6eb157b98974c8687fbd848d0158d37edc1302ea08ee5ddb376befea,,
20220321,OneRing Finance,FTM,,1.45m,Flashloan & Price Oracle Manipulation,https://ftmscan.com/tx/0xca8dd33850e29cf138c8382e17a19e77d7331b57c7a8451648788bbb26a70145,,
20220320,Li.Fi,ETH,,570k,Bridges,https://etherscan.io/tx/0x4b4143cbe7f5475029cf23d6dcbb56856366d91794426f2e33819b9b1aac4e96,,
20220320,Umbrella Network,ETH,,,Underflow,https://etherscan.io/tx/0x33479bcfbc792aa0f8103ab0d7a3784788b5b0e1467c81ffbed1b7682660b4fa,,
20220313,Hundred Finance,Gnosis,,1.7m,ERC667 Reentrancy,https://gnosisscan.io/tx/0x534b84f657883ddc1b66a314e8b392feb35024afdec61dfe8e7c510cfac1a098,,
20220313,Agave Finance,Gnosis,,1.5m,ERC667 Reentrancy,https://gnosisscan.io/tx/0xa262141abcf7c127b88b4042aee8bf601f4f3372c9471dbd75cb54e76524f18e,,
20220313,Paraluni,BSC,,1.7m,Flashloan & Reentrancy,https://bscscan.com/tx/0x70f367b9420ac2654a5223cc311c7f9c361736a39fd4e7dff9ed1b85bab7ad54,,
20220315,Bacon Protocol,ETH ETH,,1m,Reentrancy,https://etherscan.io/tx/0xacfcaa8e1c482148f9f2d592c78ca7a27934c7333dab31978ed0aef333a28ab6|https://etherscan.io/tx/0x7d2296bcb936aa5e2397ddf8ccba59f54a178c3901666b49291d880369dbcf31,,
20220303,TreasureDAO,Arbitrum,,1m,Zero Fee,https://arbiscan.io/tx/0x82a5ff772c186fb3f62bf9a8461aeadd8ea0904025c3330a4d247822ff34bc02,,
20220214,BuildFinance,ETH,,470k,DAO,https://etherscan.io/tx/0x544e5849b71b98393f41d641683586d0b519c46a2eeac9bcb351917f40258a85,,
20220208,Sandbox LAND,ETH,,,Access control,https://etherscan.io/tx/0x34516ee081c221d8576939f68aee71e002dd5557180d45194209d6692241f7b1,,
20220206,Meter,MOVR,,4.3m,Bridge,https://moonriver.moonscan.io/tx/0x5a87c24d0665c8f67958099d1ad22e39a03aa08d47d00b7276b8d42294ee0591,,
20220128,Qubit Finance,ETH BSC,,80m,Bridge address(0).safeTransferFrom() does not revert,https://etherscan.io/tx/0xac7292e7d0ec8ebe1c94203d190874b2aab30592327b6cc875d00f18de6f3133|https://bscscan.com/tx/0x50946e3e4ccb7d39f3512b7ecb75df66e6868b9af0eee8a7e4b61ef8a459518e,,
20220118,Multichain (Anyswap),ETH,,1.4m,Insufficient Token Validation,https://etherscan.io/tx/0xe50ed602bd916fc304d53c4fed236698b71691a95774ff0aeeb74b699c6227f7,,
20211221,Visor Finance,ETH,,8.2m,Reentrancy,https://etherscan.io/tx/0x69272d8c84d67d1da2f6425b339192fa472898dce936f24818fda415c1c1ff3f,,
20211218, Grim Finance,FTM,,30m,Flashloan & Reentrancy,https://ftmscan.com/tx/0x19315e5b150d0a83e797203bb9c957ec1fa8a6f404f4f761d970cb29a74a5dd6,,
20211130,MonoX Finance,ETH,,31m,Price Manipulation,https://etherscan.io/tx/0x9f14d093a2349de08f02fc0fb018dadb449351d0cdb7d0738ff69cc6fef5f299,,
20211123,Ploutoz,BNB,,365k,Flash Loan,https://bscscan.com/tx/0x7fe46c2746855dd57e18f4d33522849ff192e4e26c74835799ba8dab89099457,,
20210916,SushiSwap Miso,ETH,,All funds returned,All funds returned,https://etherscan.io/tx/0x78d6355703507f88f2090eb780d245b0ab26bf470eabdb004761cedf3b1cda44,,
20210903,DAO Maker,ETH,,4m,Bad Access Controal,https://etherscan.io/tx/0xd5e2edd6089dcf5dca78c0ccbdf659acedab173a8ab3cb65720e35b640c0af7c,,
20210830,Cream Finance,ETH,,18m,Flashloan Attack + Reentrancy,https://etherscan.io/tx/0xa9a1b8ea288eb9ad315088f17f7c7386b9989c95b4d13c81b69d5ddad7ffe61e,,
20210817,XSURGE,BNB,,5m,Flashloan Attack + Reentrancy,https://bscscan.com/tx/0x8c93d6e5d6b3ec7478b4195123a696dbc82a3441be090e048fe4b33a242ef09d,,
20210811,Poly Network,ETH,,611m,"Bridge, getting around modifier through cross-chain message",https://etherscan.io/tx/0xb1f70464bd95b774c6ce60fc706eb5f9e35cb5f06e6cfe7c17dcda46ffd59581,,
20210622,Eleven Finance,BNB,,,Doesn’t burn shares,https://bscscan.com/tx/0xeaaa8f4d33b1035a790f0d7c4eb6e38db7d6d3b580e0bbc9ba39a9d6b80dd250,,
20210603,PancakeHunn,BNB,,,Incorrect calculation,https://bscscan.com/tx/0x765de8357994a206bb90af57dcf427f48a2021f2f28ca81f2c00bc3b9842be8e,,
20210519,PancakeBunny,BNB,,,Price Oracle Manipulation,https://bscscan.com/tx/0x897c2de73dd55d7701e1b69ffb3a17b0f4801ced88b0c75fe1551c5fcce6a979,,
20210509,RariCapital,ETH,,,Cross Contract Reentrancy,https://etherscan.com/tx/0x171072422efb5cd461546bfe986017d9b5aa427ff1c07ebe8acc064b13a7b7be,,
20210508,Value Defi,BNB,,,Cross Contract Reentrancy,https://bscscan.com/tx/0xa00def91954ba9f1a1320ef582420d41ca886d417d996362bf3ac3fe2bfb9006,,
20210428,Uranium,BNB,,50m,Miscalculation,https://bscscan.com/tx/0x5a504fe72ef7fc76dfeb4d979e533af4e23fe37e90b5516186d5787893c37991,,
20210308,DODO,ETH,,700k,Flashloan Attack,https://etherscan.io/tx/0x395675b56370a9f5fe8b32badfa80043f5291443bd6c8273900476880fb5221e,,
20210305,Paid Network,ETH,,3m,Private key compromised,https://etherscan.io/tx/0x4bb10927ea7afc2336033574b74ebd6f73ef35ac0db1bb96229627c9d77555a0,,
20212404,Yearn YDai,ETH,,11m,Slippage proection absent,https://etherscan.io/tx/0x59faab5a1911618064f1ffa1e4649d85c99cfd9f0d64dcebbc1af7d7630da98b,,
20201121,Pickle Finance,ETH,,20m,,https://etherscan.io/tx/0xe72d4e7ba9b5af0cf2a8cfb1e30fd9f388df0ab3da79790be842bfbed11087b0,,
20201026,Harvest Finance,ETH,,33.8m,Flashloan Attack,https://etherscan.io/tx/0x35f8d2f572fceaac9288e5d462117850ef2694786992a8c3f6d02612277b0877,,
20200628,Balancer Protocol,ETH,,,Token Incompatible,https://etherscan.io/tx/0x013be97768b702fe8eccef1a40544d5ecb3c1961ad5f87fee4d16fdc08c78106,,
20171106,Parity,ETH ETH,,,Accidentally Killed It,https://etherscan.io/tx/0x47f7cff7a5e671884629c93b368cb18f58a993f4b19c2a53a8662e3f1482f690|https://etherscan.io/tx/0x05f71e1b2cb4f03e547739db15d080fd30c989eda04d37ce6264c5686e0722c9,,